STCOFIPS,COUNTY,COUNTYTYPE,STATE,STATEFIPS,COUNTYFIPS,RISK_SCORE,RISK_RATNG,EAL_SCORE,EAL_RATNG,EAL_VALT,HRCN_EALS,HRCN_RISKS,HRCN_RISKR,CFLD_EALS,CFLD_RISKS,CFLD_RISKR,IFLD_EALS,IFLD_RISKS,IFLD_RISKR,TRND_EALS,TRND_RISKS,TRND_RISKR,WFIR_EALS,WFIR_RISKS,WFIR_RISKR,SWND_EALS,SWND_RISKS,SWND_RISKR,SOVI_SCORE,SOVI_RATNG,RESL_SCORE,RESL_RATNG
12001,Alachua,County,Florida,12,001,90.33078880407125,Relatively Moderate,89.78960396039604,Relatively Moderate,89623349.83053169,96.53923541247484,96.70421360033376,Relatively High,0,0,No Rating,89.10891089108911,88.58142493638677,Relatively Moderate,90.97674418604652,90.33078880407125,Relatively High,95.51526717557252,95.16539440203562,Relatively Moderate,82.97674418604652,80.91603053435115,Relatively Moderate,34.76463104,Relatively Low,80.9796437659033,Very High
12003,Baker,County,Florida,12,003,13.263358778625955,Very Low,18.75,Very Low,6286133.679781325,73.8430583501006,74.46808510638297,Relatively Low,0,0,No Rating,29.950495049504948,22.74173027989822,Very Low,37.2093023255814,31.48854961832061,Relatively Low,78.56234096692111,76.20865139949109,Relatively Low,11.844961240310077,7.951653944020356,Very Low,24.42748092,Relatively Low,71.78753180661577,Relatively High
12005,Bay,County,Florida,12,005,94.11577608142494,Relatively Moderate,94.39975247524752,Relatively Moderate,157915659.27662724,98.91348088531187,98.66499791405924,Very High,80.78231292517006,77.2,Relatively Moderate,77.69183168316832,74.68193384223919,Relatively Moderate,94.3875968992248,94.08396946564885,Relatively High,77.35368956743002,75.69974554707379,Relatively Low,72.37209302325581,67.1119592875318,Relatively Moderate,30.8524173,Relatively Low,29.452926208651398,Relatively Low
12007,Bradford,County,Florida,12,007,36.86386768447837,Very Low,38.056930693069305,Very Low,10772907.09135513,85.55331991951711,87.56779307467669,Relatively Moderate,0,0,No Rating,32.209158415841586,30.56615776081425,Very Low,43.16279069767442,41.348600508905854,Relatively Low,80.85241730279898,80.78880407124683,Relatively Low,19.968992248062015,17.36641221374046,Relatively Low,48.31424936,Relatively Moderate,37.913486005089055,Relatively Low
12009,Brevard,County,Florida,12,009,98.40966921119593,Relatively High,98.57673267326733,Relatively High,389320976.9607134,99.83903420523139,99.70796829370046,Very High,84.6938775510204,82,Relatively Moderate,94.83292079207921,95.00636132315522,Relatively High,95.03875968992249,95.29262086513995,Relatively High,97.20101781170484,97.16921119592875,Relatively Moderate,95.53488372093022,96.02417302798982,Relatively High,40.83969466,Relatively Moderate,63.358778625954194,Relatively High
12011,Broward,County,Florida,12,011,99.45928753180662,Relatively High,99.35024752475248,Relatively High,647973333.4330842,99.75855130784709,99.8331247392574,Very High,97.27891156462584,97,Very High,99.38118811881188,99.42748091603053,Very High,95.62790697674419,96.27862595419847,Relatively High,96.85114503816794,97.01017811704835,Relatively Moderate,77.70542635658914,80.24809160305344,Relatively Moderate,55.37531807,Relatively Moderate,44.179389312977094,Relatively Moderate
12013,Calhoun,County,Florida,12,013,44.94274809160305,Relatively Low,37.37623762376238,Very Low,10624504.283162393,85.67404426559357,89.11138923654568,Relatively Moderate,23.46938775510204,21.2,Very Low,27.568069306930692,32.156488549618324,Very Low,51.44186046511627,56.61577608142494,Relatively Low,56.329516539440206,59.637404580152676,Very Low,54.23255813953488,59.510178117048355,Relatively Moderate,73.12340967,Relatively High,13.899491094147582,Very Low
12015,Charlotte,County,Florida,12,015,95.19720101781171,Relatively High,93.1930693069307,Relatively Moderate,131299370.27545387,98.71227364185111,98.99874843554443,Very High,89.45578231292517,90.4,Relatively High,80.50742574257426,85.33715012722645,Relatively Moderate,57.457364341085274,62.56361323155216,Relatively Low,91.34860050890585,92.52544529262087,Relatively Moderate,66.97674418604652,74.58651399491094,Relatively Moderate,77.00381679,Relatively High,12.150127226463106,Very Low
12017,Citrus,County,Florida,12,017,94.6882951653944,Relatively High,91.61509900990099,Relatively Moderate,112090078.72731265,98.14889336016095,98.7901543596162,Very High,90.98639455782312,92.60000000000001,Relatively High,75.99009900990099,83.17430025445293,Relatively Moderate,84.06201550387597,89.02671755725191,Relatively Moderate,88.35877862595419,90.45801526717557,Relatively Moderate,60.96124031007753,70.32442748091603,Relatively Moderate,82.28371501,Very High,6.838422391857506,Very Low
12019,Clay,County,Florida,12,019,81.07506361323156,Relatively Moderate,85.67450495049505,Relatively Moderate,57125297.257668495,89.53722334004024,89.77889027951606,Relatively Moderate,64.79591836734694,56.99999999999999,Relatively Low,89.17079207920791,85.90966921119593,Relatively Moderate,88.12403100775194,83.17430025445293,Relatively Moderate,86.1323155216285,82.85623409669212,Relatively Low,44.68217054263566,32.156488549618324,Relatively Low,12.94529262,Very Low,51.11323155216285,Relatively Moderate
12021,Collier,County,Florida,12,021,98.91857506361323,Relatively High,98.60767326732673,Relatively High,398236266.9508069,99.63782696177063,99.7496871088861,Very High,95.06802721088435,95.19999999999999,Very High,97.30816831683168,98.25063613231552,Relatively High,72.27906976744187,76.43129770992367,Relatively Moderate,95.83333333333334,96.43765903307889,Relatively Moderate,47.10077519379845,51.653944020356235,Relatively Low,74.71374046,Relatively High,41.28498727735369,Relatively Moderate
12023,Columbia,County,Florida,12,023,69.72010178117048,Relatively Low,63.335396039603964,Relatively Low,21927354.01931818,87.40442655935614,90.44639132248645,Relatively Moderate,0,0,No Rating,64.38737623762376,68.19338422391857,Relatively Low,63.813953488372086,66.79389312977099,Relatively Moderate,86.83206106870229,88.13613231552164,Relatively Low,45.89147286821705,49.68193384223918,Relatively Low,71.40585242,Relatively High,29.262086513994912,Relatively Low
12027,DeSoto,County,Florida,12,027,81.64758269720102,Relatively Moderate,68.99752475247524,Relatively Low,26272412.117488828,93.7625754527163,96.24530663329162,Relatively High,32.99319727891156,33.4,Very Low,38.025990099009896,50.540712468193384,Relatively Low,47.348837209302324,59.35114503816794,Relatively Low,80.34351145038168,84.54198473282443,Relatively Low,60.899224806201545,76.04961832061069,Relatively Moderate,90.83969466,Very High,1.3994910941475827,Very Low
12029,Dixie,County,Florida,12,029,35.49618320610687,Very Low,32.58044554455445,Very Low,9427293.812609853,84.42655935613682,87.10888610763455,Relatively Moderate,75.85034013605441,73.6,Relatively Moderate,27.939356435643564,28.816793893129773,Very Low,26.91472868217054,26.176844783715016,Relatively Low,71.85114503816794,72.93256997455471,Relatively Low,10.108527131782946,8.460559796437659,Very Low,57.09287532,Relatively Moderate,2.989821882951654,Very Low
12031,Duval,County,Florida,12,031,97.20101781170484,Relatively High,96.99876237623762,Relatively High,263916601.0203762,97.78672032193158,97.66374634960367,Relatively High,92.3469387755102,91,Relatively High,97.61757425742574,97.55089058524173,Relatively High,91.50387596899225,91.53944020356234,Relatively High,90.61704834605598,89.91730279898219,Relatively Moderate,82.91472868217055,81.8384223918575,Relatively Moderate,39.88549618,Relatively Low,62.086513994910945,Relatively High
12033,Escambia,County,Florida,12,033,95.10178117048346,Relatively High,95.01856435643565,Relatively Moderate,173708769.51288274,98.95372233400403,98.83187317480183,Very High,80.10204081632652,76.8,Relatively Moderate,88.39727722772277,88.67684478371501,Relatively Moderate,72.96124031007753,71.18320610687023,Relatively Moderate,83.65139949109415,82.63358778625954,Relatively Low,49.42635658914728,46.087786259541986,Relatively Low,41.47582697,Relatively Moderate,34.66921119592875,Relatively Low
12035,Flagler,County,Florida,12,035,82.76081424936386,Relatively Moderate,80.56930693069307,Relatively Low,41647547.15562011,94.24547283702213,94.95202336253651,Relatively High,71.08843537414967,67.60000000000001,Relatively Moderate,76.70173267326733,79.19847328244275,Relatively Moderate,79.62790697674419,80.94783715012723,Relatively Moderate,87.59541984732824,88.16793893129771,Relatively Low,41.14728682170543,41.38040712468193,Relatively Low,60.8778626,Relatively High,40.33078880407125,Relatively Moderate
12037,Franklin,County,Florida,12,037,46.533078880407125,Relatively Low,39.44925742574257,Very Low,11157714.214744702,87.36418511066398,90.4881101376721,Relatively Moderate,77.55102040816327,77.4,Relatively Moderate,16.707920792079207,18.702290076335878,Very Low,31.131782945736436,32.474554707379134,Relatively Low,75.47709923664122,77.63994910941476,Relatively Low,9.054263565891473,7.665394402035624,Very Low,75.03180662,Relatively High,46.94656488549619,Relatively Moderate
12039,Gadsden,County,Florida,12,039,72.39185750636132,Relatively Low,59.15841584158416,Relatively Low,19335539.5072696,87.08249496981891,91.44764288694202,Relatively Moderate,,,Not Applicable,47.15346534653465,57.665394402035616,Relatively Low,76.77519379844962,83.81043256997455,Relatively Moderate,75.60432569974554,79.6119592875318,Relatively Low,26.046511627906977,32.91984732824427,Relatively Low,95.03816794,Very High,33.81043256997455,Relatively Low
12041,Gilchrist,County,Florida,12,041,27.958015267175572,Very Low,21.16336633663366,Very Low,6826941.845466123,80.08048289738431,84.27200667501043,Relatively Moderate,27.89115646258503,25.8,Very Low,26.825495049504948,31.393129770992367,Very Low,29.48837209302326,31.01145038167939,Relatively Low,75.03180661577609,77.2264631043257,Relatively Low,15.31782945736434,15.171755725190838,Very Low,73.47328244,Relatively High,10.782442748091603,Very Low
12043,Glades,County,Florida,12,043,48.02798982188295,Relatively Low,30.136138613861384,Very Low,8835438.676876795,81.60965794768612,87.60951188986232,Relatively Moderate,0,0,No Rating,31.71410891089109,44.56106870229007,Relatively Low,17.984496124031008,20.896946564885496,Very Low,84.16030534351145,87.65903307888041,Relatively Low,55.007751937984494,69.529262086514,Relatively Moderate,89.7264631,Very High,0.9223918575063612,Very Low
12045,Gulf,County,Florida,12,045,59.541984732824424,Relatively Low,55.600247524752476,Relatively Low,17330659.376153547,91.62977867203219,93.4084272006675,Relatively High,65.64625850340136,61.6,Relatively Moderate,23.886138613861384,25.159033078880405,Very Low,37.95348837209303,38.13613231552163,Relatively Low,73.18702290076335,74.20483460559797,Relatively Low,12.434108527131784,11.38676844783715,Very Low,65.68066158,Relatively High,58.492366412213734,Relatively Moderate
12047,Hamilton,County,Florida,12,047,43.00254452926209,Relatively Low,29.084158415841582,Very Low,8575735.737288652,85.23138832997988,90.0709219858156,Relatively Moderate,,,Not Applicable,18.90470297029703,25.890585241730278,Very Low,29.271317829457367,33.396946564885496,Relatively Low,64.40839694656488,69.27480916030534,Relatively Low,10.356589147286822,11.259541984732824,Very Low,89.02671756,Very High,8.396946564885496,Very Low
12049,Hardee,County,Florida,12,049,69.17938931297711,Relatively Low,68.2858910891089,Relatively Low,25430643.56274115,89.25553319919517,91.36420525657071,Relatively Moderate,0,0,No Rating,27.50618811881188,26.3676844783715,Very Low,43.87596899224806,42.49363867684479,Relatively Low,83.01526717557252,82.8880407124682,Relatively Low,99.25581395348837,99.30025445292621,Very High,48.02798982,Relatively Moderate,4.3893129770992365,Very Low
12051,Hendry,County,Florida,12,051,78.65776081424937,Relatively Low,64.23267326732673,Relatively Low,22413506.890832096,90.10060362173039,94.24280350438048,Relatively High,26.700680272108844,25.6,Very Low,50.742574257425744,64.34478371501272,Relatively Low,30.63565891472868,37.595419847328245,Relatively Low,90.5852417302799,93.28880407124683,Relatively Moderate,67.50387596899225,82.09287531806616,Relatively Moderate,90.29898219,Very High,0.6679389312977099,Very Low
12053,Hernando,County,Florida,12,053,87.97709923664122,Relatively Moderate,86.20049504950495,Relatively Moderate,60139645.24495363,95.8148893360161,96.07843137254902,Relatively High,76.70068027210884,74.2,Relatively Moderate,83.8180693069307,85.59160305343512,Relatively Moderate,89.7984496124031,91.82569974554707,Relatively High,87.56361323155217,88.00890585241731,Relatively Low,66.07751937984496,68.09796437659033,Relatively Moderate,56.48854962,Relatively Moderate,6.075063613231553,Very Low
12055,Highlands,County,Florida,12,055,89.44020356234097,Relatively Moderate,82.58044554455446,Relatively Low,46656668.652713485,93.31991951710262,95.70296203587819,Relatively High,,,Not Applicable,67.04826732673267,78.4033078880407,Relatively Moderate,73.6124031007752,82.5381679389313,Relatively Moderate,89.91730279898219,92.71628498727735,Relatively Moderate,99.53488372093024,99.80916030534351,Very High,94.11577608,Very High,5.693384223918575,Very Low
12057,Hillsborough,County,Florida,12,057,98.82315521628499,Relatively High,98.97896039603961,Relatively High,494579509.60975146,99.35613682092556,99.29078014184397,Very High,94.04761904761905,92.4,Relatively High,97.86509900990099,97.7735368956743,Relatively High,99.65891472868216,99.6501272264631,Very High,95.92875318066157,95.67430025445293,Relatively Moderate,83.62790697674419,82.12468193384224,Relatively Moderate,36.38676845,Relatively Low,33.23791348600509,Relatively Low
12059,Holmes,County,Florida,12,059,49.42748091603054,Relatively Low,48.70049504950495,Very Low,14201693.431584178,89.33601609657947,91.48936170212765,Relatively Moderate,0,0,No Rating,27.382425742574256,26.463104325699742,Very Low,53.3953488372093,52.989821882951645,Relatively Low,31.234096692111958,32.220101781170484,Very Low,21.333333333333336,19.6882951653944,Relatively Low,50.92239186,Relatively Moderate,13.104325699745548,Very Low
12061,Indian River,County,Florida,12,061,95.64249363867684,Relatively High,94.67821782178217,Relatively Moderate,163113851.4888813,99.03420523138833,99.16562369628703,Very High,71.93877551020408,69,Relatively Moderate,83.72524752475248,85.87786259541986,Relatively Moderate,70.48062015503876,72.45547073791349,Relatively Moderate,87.5,88.19974554707379,Relatively Low,82.69767441860465,86.29134860050891,Relatively High,64.18575064,Relatively High,60.527989821882954,Relatively High
12063,Jackson,County,Florida,12,063,75.69974554707379,Relatively Low,68.06930693069307,Relatively Low,25327887.539968833,91.99195171026156,94.32624113475178,Relatively High,,,Not Applicable,55.07425742574258,60.94147582697202,Relatively Low,54.077519379844965,59.44656488549618,Relatively Low,45.86513994910941,49.80916030534351,Very Low,46.821705426356594,52.767175572519086,Relatively Moderate,78.72137405,Relatively High,26.431297709923662,Relatively Low
12065,Jefferson,County,Florida,12,065,38.99491094147582,Very Low,23.236386138613863,Very Low,7262265.389213354,81.00603621730383,86.7334167709637,Relatively Moderate,39.965986394557824,39.4,Very Low,19.52351485148515,28.085241730279897,Very Low,46.263565891472865,57.25190839694656,Relatively Low,65.45801526717557,71.34223918575063,Relatively Low,14.91472868217054,17.334605597964376,Relatively Low,97.90076336,Very High,32.1882951653944,Relatively Low
12067,Lafayette,County,Florida,12,067,15.903307888040713,Very Low,15.439356435643564,Very Low,5583300.50826363,81.73038229376257,84.39716312056737,Relatively Moderate,25.170068027210885,22,Very Low,15.31559405940594,14.694656488549619,Very Low,21.488372093023255,19.46564885496183,Very Low,59.223918575063614,59.70101781170484,Very Low,6.945736434108526,4.293893129770993,Very Low,50.34987277,Relatively Moderate,11.736641221374047,Very Low
12069,Lake,County,Florida,12,069,91.92111959287533,Relatively Moderate,90.84158415841584,Relatively Moderate,102252671.32116619,94.96981891348088,94.99374217772215,Relatively High,38.775510204081634,35.4,Very Low,91.49133663366337,92.30279898218829,Relatively Moderate,96.74418604651163,97.39185750636132,Relatively High,96.02417302798982,95.99236641221374,Relatively Moderate,98.48062015503875,98.79134860050891,Very High,49.33206107,Relatively Moderate,49.840966921119595,Relatively Moderate
12071,Lee,County,Florida,12,071,99.04580152671755,Relatively High,98.82425742574257,Relatively High,433307086.1364581,99.9195171026157,99.9165623696287,Very High,96.93877551020408,97.39999999999999,Very High,96.10148514851485,97.264631043257,Relatively High,84.55813953488372,87.5,Relatively Moderate,96.31043256997455,96.62849872773536,Relatively Moderate,60.34108527131783,64.91730279898219,Relatively Moderate,67.84351145,Relatively High,8.778625954198473,Very Low
12073,Leon,County,Florida,12,073,93.35241730279898,Relatively Moderate,93.87376237623762,Relatively Moderate,142710674.85192344,97.102615694165,97.12140175219024,Relatively High,26.53061224489796,23.400000000000002,Very Low,91.70792079207921,91.50763358778626,Relatively Moderate,97.0232558139535,97.10559796437659,Relatively High,90.96692111959288,90.04452926208651,Relatively Moderate,92.09302325581396,91.79389312977099,Relatively High,35.0826972,Relatively Low,82.12468193384224,Very High
12075,Levy,County,Florida,12,075,66.0941475826972,Relatively Low,51.23762376237624,Relatively Low,15295946.677444391,87.12273641851107,91.6145181476846,Relatively Moderate,71.25850340136054,72.6,Relatively Moderate,39.665841584158414,51.335877862595424,Relatively Low,47.81395348837209,58.68320610687023,Relatively Low,83.9058524173028,87.27735368956743,Relatively Low,27.22480620155039,35.337150127226465,Relatively Low,93.44783715,Very High,9.16030534351145,Very Low
12077,Liberty,County,Florida,12,077,12.659033078880407,Very Low,12.376237623762377,Very Low,4809251.596034777,78.91348088531187,82.06090947017105,Relatively Moderate,30.782312925170068,28.599999999999998,Very Low,8.756188118811881,8.9058524173028,Very Low,29.3953488372093,28.30788804071247,Relatively Low,68.4796437659033,68.60687022900763,Relatively Low,8.496124031007751,6.26590330788804,Very Low,54.73918575,Relatively Moderate,26.33587786259542,Relatively Low
12079,Madison,County,Florida,12,079,47.4236641221374,Relatively Low,37.902227722772274,Very Low,10745564.644034088,86.72032193158954,90.57154776804339,Relatively Moderate,,,Not Applicable,27.19678217821782,33.33333333333333,Very Low,34.97674418604651,38.199745547073796,Relatively Low,59.891857506361326,63.45419847328244,Relatively Low,18.945736434108525,20.29262086513995,Relatively Low,79.96183206,Relatively High,22.678117048346056,Relatively Low
12081,Manatee,County,Florida,12,081,97.55089058524173,Relatively High,96.72029702970298,Relatively High,254683438.0460498,99.19517102615694,99.33249895702963,Very High,97.95918367346938,98,Very High,92.26485148514851,93.4796437659033,Relatively High,97.39534883720931,97.99618320610686,Relatively High,90.235368956743,90.48982188295165,Relatively Moderate,73.42635658914729,75.22264631043257,Relatively Moderate,54.8346056,Relatively Moderate,22.7735368956743,Relatively Low
12083,Marion,County,Florida,12,083,94.72010178117048,Relatively High,92.91460396039604,Relatively Moderate,128387986.23533344,97.38430583501007,97.83062161034627,Relatively High,27.040816326530614,24.6,Very Low,90.625,92.970737913486,Relatively Moderate,95.90697674418604,97.264631043257,Relatively High,96.43765903307889,96.7557251908397,Relatively Moderate,89.73643410852713,93.28880407124683,Relatively High,69.62468193,Relatively High,16.50763358778626,Very Low
12085,Martin,County,Florida,12,085,94.08396946564885,Relatively Moderate,92.23391089108911,Relatively Moderate,119366014.73985797,98.5513078470825,98.70671672924489,Very High,74.14965986394559,73,Relatively Moderate,79.48638613861387,83.33333333333334,Relatively Moderate,71.87596899224806,74.84096692111959,Relatively Moderate,89.3765903307888,90.39440203562341,Relatively Moderate,83.50387596899225,87.75445292620864,Relatively High,68.98854962,Relatively High,47.773536895674305,Relatively Moderate
12086,Miami-Dade,County,Florida,12,086,99.61832061068702,Very High,99.56683168316832,Relatively High,824686737.2615321,99.95975855130784,99.95828118481434,Very High,98.80952380952381,99.6,Very High,99.56683168316832,99.71374045801527,Very High,97.98449612403101,98.72773536895674,Relatively High,96.53307888040712,96.85114503816794,Relatively Moderate,76.09302325581395,82.44274809160305,Relatively Moderate,75.85877863,Relatively High,42.907124681933844,Relatively Moderate
12087,Monroe,County,Florida,12,087,91.6030534351145,Relatively Moderate,90.22277227722772,Relatively Moderate,93252682.68617524,97.82696177062374,97.99749687108886,Relatively High,98.63945578231292,98.8,Very High,44.245049504950494,42.87531806615776,Relatively Low,27.25581395348837,25.636132315521625,Very Low,61.51399491094147,61.895674300254456,Very Low,34.26356589147287,32.44274809160305,Relatively Low,53.94402036,Relatively Moderate,29.389312977099237,Relatively Low
12089,Nassau,County,Florida,12,089,59.31933842239185,Relatively Low,66.98638613861387,Relatively Low,24509256.381820794,87.88732394366198,88.36045056320401,Relatively Moderate,80.95238095238095,75.8,Relatively Moderate,66.33663366336634,59.00127226463104,Relatively Low,62.26356589147287,53.62595419847328,Relatively Low,88.04071246819338,86.51399491094148,Relatively Low,24.992248062015506,18.638676844783713,Relatively Low,20.54707379,Relatively Low,75.57251908396947,Relatively High
12091,Okaloosa,County,Florida,12,091,92.4618320610687,Relatively Moderate,93.31683168316832,Relatively Moderate,134474574.36928192,98.47082494969818,98.08093450146016,Very High,69.72789115646259,62.6,Relatively Moderate,83.19925742574257,80.37531806615776,Relatively Moderate,94.75968992248062,94.21119592875317,Relatively High,77.86259541984732,75.73155216284987,Relatively Low,77.86046511627906,73.18702290076335,Relatively Moderate,26.74936387,Relatively Low,41.57124681933842,Relatively Moderate
12093,Okeechobee,County,Florida,12,093,80.27989821882952,Relatively Low,69.3069306930693,Relatively Low,26558434.69043689,89.738430583501,93.53358364622444,Relatively High,0,0,No Rating,70.88490099009901,80.27989821882952,Relatively Moderate,37.643410852713174,44.179389312977094,Relatively Low,87.46819338422391,89.85368956743002,Relatively Moderate,80.43410852713178,90.42620865139949,Relatively High,87.91348601,Very High,2.9580152671755724,Very Low
12095,Orange,County,Florida,12,095,98.44147582697201,Relatively High,98.76237623762376,Relatively High,417684854.232788,98.10865191146881,98.0392156862745,Relatively High,0,0,No Rating,98.51485148514851,98.40966921119593,Relatively High,99.16279069767442,99.10941475826972,Very High,97.42366412213741,97.42366412213741,Relatively Moderate,99.90697674418605,99.90458015267176,Very High,31.74300254,Relatively Low,41.25318066157761,Relatively Moderate
12097,Osceola,County,Florida,12,097,91.95292620865139,Relatively Moderate,92.11014851485149,Relatively Moderate,117615260.15362722,94.08450704225352,94.15936587400918,Relatively High,,,Not Applicable,92.51237623762376,92.08015267175573,Relatively Moderate,94.10852713178295,93.60687022900763,Relatively High,95.26081424936386,94.81552162849873,Relatively Moderate,99.87596899224806,99.84096692111959,Very High,29.93002545,Relatively Low,33.49236641221374,Relatively Low
12099,Palm Beach,County,Florida,12,099,99.20483460559797,Relatively High,99.07178217821783,Relatively High,518587102.1950527,99.87927565392354,99.87484355444305,Very High,93.5374149659864,93.4,Relatively High,98.45297029702971,98.91857506361323,Relatively High,92.03100775193799,93.79770992366412,Relatively High,94.81552162849873,95.32442748091603,Relatively Moderate,90.91472868217055,93.1615776081425,Relatively High,59.82824427,Relatively Moderate,24.491094147582697,Relatively Low
12101,Pasco,County,Florida,12,101,95.96055979643766,Relatively High,95.66831683168317,Relatively High,199309461.27598763,98.06841046277665,98.1226533166458,Very High,91.83673469387756,90.8,Relatively High,95.14232673267327,95.3880407124682,Relatively High,98.13953488372093,98.40966921119593,Relatively High,95.45165394402035,95.3880407124682,Relatively Moderate,76.34108527131784,75.73155216284987,Relatively Moderate,39.66284987,Relatively Low,10.432569974554708,Very Low
12103,Pinellas,County,Florida,12,103,98.21882951653944,Relatively High,97.77227722772277,Relatively High,303434178.67542726,98.79275653923541,98.87359198998749,Very High,99.31972789115646,99.2,Very High,95.79207920792079,96.85114503816794,Relatively High,98.79069767441861,99.04580152671755,Very High,80.1526717557252,81.13867684478372,Relatively Low,63.007751937984494,65.61704834605598,Relatively Moderate,59.92366412,Relatively Moderate,10.90966921119593,Very Low
12105,Polk,County,Florida,12,105,96.53307888040712,Relatively High,96.03960396039604,Relatively High,212568295.7490722,98.6317907444668,98.49812265331664,Very High,,,Not Applicable,93.90470297029702,94.62468193384224,Relatively High,93.08527131782945,93.89312977099237,Relatively High,96.9147582697201,96.97837150127226,Relatively Moderate,99.84496124031008,99.87277353689568,Very High,49.80916031,Relatively Moderate,27.385496183206108,Relatively Low
12107,Putnam,County,Florida,12,107,79.73918575063614,Relatively Low,71.9368811881188,Relatively Low,29385123.302654028,90.74446680080483,93.45014601585315,Relatively High,63.26530612244898,60.4,Relatively Low,70.73019801980197,77.29007633587787,Relatively Moderate,73.48837209302326,78.46692111959288,Relatively Moderate,88.70865139949109,90.52162849872774,Relatively Moderate,58.85271317829457,66.34860050890585,Relatively Moderate,79.67557252,Relatively High,13.19974554707379,Very Low
12109,St. Johns,County,Florida,12,109,87.53180661577609,Relatively Moderate,90.43935643564357,Relatively Moderate,96985251.44455606,95.49295774647887,93.70045890696704,Relatively High,93.87755102040816,89,Relatively High,92.45049504950495,89.40839694656488,Relatively Moderate,90.79069767441861,85.40076335877863,Relatively Moderate,92.14376590330788,89.40839694656488,Relatively Moderate,56.18604651162791,39.18575063613232,Relatively Low,11.38676845,Very Low,96.27862595419847,Very High
12111,St. Lucie,County,Florida,12,111,96.0559796437659,Relatively High,95.51361386138613,Relatively High,193428647.76400346,99.11468812877263,99.20734251147267,Very High,69.04761904761905,65.2,Relatively Moderate,88.33539603960396,89.31297709923665,Relatively Moderate,82.41860465116278,82.76081424936386,Relatively Moderate,86.67302798982189,86.64122137404581,Relatively Low,88.5891472868217,89.98091603053436,Relatively High,51.24045802,Relatively Moderate,49.55470737913486,Relatively Moderate
12113,Santa Rosa,County,Florida,12,113,88.96310432569975,Relatively Moderate,90.74876237623762,Relatively Moderate,101239305.88419737,97.54527162977867,97.24655819774718,Relatively High,78.57142857142857,70.8,Relatively Moderate,81.2809405940594,73.66412213740458,Relatively Moderate,92.74418604651163,89.59923664122137,Relatively Moderate,84.7328244274809,81.3295165394402,Relatively Low,42.077519379844965,29.166666666666668,Relatively Low,12.18193384,Very Low,54.67557251908397,Relatively Moderate
12115,Sarasota,County,Florida,12,115,98.15521628498728,Relatively High,97.18440594059405,Relatively High,273027730.6245239,99.3963782696177,99.54109303295786,Very High,93.36734693877551,93.60000000000001,Relatively High,94.12128712871286,95.67430025445293,Relatively High,89.70542635658914,92.4618320610687,Relatively High,92.43002544529261,93.25699745547074,Relatively Moderate,82.44961240310079,87.37277353689568,Relatively High,67.01653944,Relatively High,9.192111959287532,Very Low
12117,Seminole,County,Florida,12,117,91.4440203562341,Relatively Moderate,93.00742574257426,Relatively Moderate,129220829.71223618,95.85513078470825,94.65999165623697,Relatively High,0,0,No Rating,94.05940594059405,92.74809160305344,Relatively Moderate,98.04651162790698,97.55089058524173,Relatively High,93.70229007633588,92.33460559796438,Relatively Moderate,97.36434108527132,96.53307888040712,Relatively High,15.26717557,Very Low,59.732824427480914,Relatively Moderate
12119,Sumter,County,Florida,12,119,87.59541984732824,Relatively Moderate,82.24009900990099,Relatively Low,46145350.987766676,94.16498993963782,95.82811848143513,Relatively High,,,Not Applicable,78.1868811881188,84.79643765903307,Relatively Moderate,86.63565891472868,91.6030534351145,Relatively High,90.45801526717557,92.30279898218829,Relatively Moderate,82.94573643410853,90.64885496183206,Relatively High,90.04452926,Very High,46.978371501272264,Relatively Moderate
12121,Suwannee,County,Florida,12,121,71.34223918575063,Relatively Low,67.01732673267327,Relatively Low,24514724.601227093,91.58953722334005,93.36670838548186,Relatively High,0,0,No Rating,60.581683168316836,62.913486005089055,Relatively Low,49.55038759689923,51.717557251908396,Relatively Low,80.78880407124683,81.87022900763358,Relatively Low,21.209302325581394,20.706106870229007,Relatively Low,60.11450382,Relatively High,5.184478371501272,Very Low
12123,Taylor,County,Florida,12,123,65.42620865139949,Relatively Low,53.434405940594054,Relatively Low,16197007.916900812,88.9738430583501,92.69920734251147,Relatively Moderate,75.68027210884354,76.6,Relatively Moderate,38.273514851485146,46.81933842239186,Relatively Low,32.8062015503876,37.150127226463106,Relatively Low,77.83078880407125,81.42493638676844,Relatively Low,31.937984496124034,38.61323155216285,Relatively Low,89.40839695,Very High,26.74936386768448,Relatively Low
12125,Union,County,Florida,12,125,10.877862595419847,Very Low,12.96410891089109,Very Low,4968231.630774156,78.95372233400403,81.47684605757196,Relatively Low,0,0,No Rating,13.087871287128714,11.068702290076336,Very Low,30.573643410852714,27.70356234096692,Relatively Low,74.96819338422391,73.85496183206108,Relatively Low,12.093023255813954,9.669211195928753,Very Low,39.47201018,Relatively Low,31.99745547073791,Relatively Low
12127,Volusia,County,Florida,12,127,96.2150127226463,Relatively High,95.54455445544554,Relatively High,195696118.9567276,98.43058350100604,98.456403838131,Very High,87.41496598639455,85,Relatively High,94.09034653465346,95.22900763358778,Relatively High,97.76744186046513,98.2824427480916,Relatively High,96.0559796437659,96.27862595419847,Relatively Moderate,85.70542635658914,87.81806615776081,Relatively High,56.67938931,Relatively Moderate,48.282442748091604,Relatively Moderate
12129,Wakulla,County,Florida,12,129,46.69211195928753,Relatively Low,58.66336633663366,Relatively Low,18936508.78543378,84.58752515090544,84.48060075093868,Relatively Moderate,70.91836734693877,61.199999999999996,Relatively Moderate,45.853960396039604,33.61959287531807,Very Low,62.2015503875969,50.92239185750637,Relatively Low,87.40458015267176,84.47837150127226,Relatively Low,30.75968992248062,20.99236641221374,Relatively Low,12.75445293,Very Low,42.23918575063613,Relatively Moderate
12131,Walton,County,Florida,12,131,88.58142493638677,Relatively Moderate,87.5309405940594,Relatively Moderate,68446444.22685027,97.26358148893361,97.37171464330413,Relatively High,67.51700680272108,62.2,Relatively Moderate,68.16212871287128,68.32061068702289,Relatively Low,85.64341085271317,85.6234096692112,Relatively Moderate,76.08142493638677,75.66793893129771,Relatively Low,42.41860465116279,39.726463104325695,Relatively Low,51.68575064,Relatively Moderate,60.68702290076335,Relatively High
12133,Washington,County,Florida,12,133,59.44656488549618,Relatively Low,57.61138613861386,Relatively Low,18509356.45973555,90.86519114688129,92.49061326658324,Relatively Moderate,25.510204081632654,22.400000000000002,Very Low,36.448019801980195,35.718829516539444,Relatively Low,68.8062015503876,68.86132315521628,Relatively Moderate,59.4147582697201,60.2735368956743,Very Low,21.240310077519382,19.751908396946565,Relatively Low,53.05343511,Relatively Moderate,17.938931297709924,Very Low
