latitude,longitude,ef_scale,year
29.65,-81.22,2,1950
28.58,-81.37,1,1950
28.5,-81.37,2,1950
29.13,-81.35,1,1950
29.73,-84.98,1,1950
30.8,-85.2,0,1950
30.35,-81.75,1,1951
27.75,-81.8,2,1951
27.77,-82.63,1,1951
27.78,-81.53,2,1951
28.12,-82.03,1,1951
27.1,-82.48,2,1951
29.85,-84.68,1,1951
30.18,-82.63,1,1951
27.73,-82.43,2,1951
30.47,-85.25,1,1952
30.5,-84.23,2,1952
30.17,-85.7,2,1952
26.57,-80.12,1,1952
30.17,-85.7,1,1952
28.55,-82.38,0,1952
27.93,-82.82,2,1952
27.77,-82.62,1,1952
27.75,-82.65,1,1952
26.77,-80.22,1,1952
26.5,-81.83,0,1953
30.4,-85.87,2,1953
25.67,-80.45,0,1953
30.3,-81.53,1,1953
30.2,-85.8,2,1953
30.62,-84.28,2,1953
28.57,-82.48,1,1953
27.83,-82.17,2,1953
28.57,-81.75,1,1953
30.37,-85.45,2,1953
27.38,-80.33,1,1953
30.17,-85.7,2,1953
30.38,-87.25,0,1953
27.82,-82.83,1,1953
24.55,-81.77,1,1953
27.82,-82.7,0,1953
28.43,-81.37,1,1953
30.17,-81.7,1,1953
27.43,-80.5,0,1953
25.83,-80.3,0,1953
28.1,-80.7,1,1953
30.9,-87.1,1,1954
30.33,-85.67,2,1954
29.82,-85.25,1,1954
27.88,-81.85,0,1954
25.75,-80.2,0,1954
30.15,-82.95,2,1954
25.92,-80.5,0,1954
26.47,-80.4,0,1954
27.4,-80.37,0,1954
27.75,-82.75,1,1954
27.42,-80.33,3,1954
28.35,-80.68,0,1954
26.02,-80.15,2,1954
26.23,-80.1,1,1955
27.4,-82.63,2,1955
30.75,-85.1,1,1955
28.62,-81.42,1,1955
30.5,-87.25,2,1955
26.05,-80.17,1,1955
26.62,-80.75,0,1955
24.57,-81.62,0,1955
27.2,-80.75,1,1955
26.7,-80.7,0,1955
26.75,-80.05,0,1955
27.13,-82.3,0,1955
25.95,-80.15,0,1956
27.45,-82.53,2,1956
26.0,-80.23,3,1956
30.43,-87.23,3,1956
28.0,-81.92,0,1956
26.7,-80.1,0,1956
27.2,-80.25,0,1956
30.1,-85.22,2,1956
30.28,-83.75,2,1956
29.9,-82.8,2,1956
25.77,-80.37,0,1957
30.6,-84.58,2,1957
27.9,-82.3,0,1957
30.45,-87.2,1,1957
28.07,-81.95,0,1957
26.75,-80.93,1,1957
28.07,-81.8,0,1957
29.63,-82.62,2,1957
29.18,-81.77,1,1957
30.1,-81.77,2,1957
29.38,-81.65,0,1957
30.3,-81.73,2,1957
30.23,-81.68,2,1957
24.72,-81.75,1,1957
30.33,-81.73,0,1957
30.33,-81.7,0,1957
29.83,-83.58,2,1957
27.17,-82.5,1,1958
26.82,-80.67,3,1958
27.53,-82.63,3,1958
27.3,-82.53,1,1958
28.08,-82.17,0,1958
28.0,-81.7,1,1958
28.25,-80.67,1,1958
27.22,-81.87,2,1958
28.25,-82.73,1,1958
26.47,-80.17,2,1958
30.7,-86.75,2,1958
27.67,-82.62,4,1958
27.7,-82.5,1,1958
29.87,-81.3,3,1958
27.5,-80.57,3,1958
26.62,-82.1,1,1958
26.7,-80.07,1,1958
26.47,-80.07,1,1958
29.95,-85.42,2,1958
28.07,-80.85,0,1958
27.77,-80.73,0,1958
28.03,-81.8,0,1958
30.27,-82.0,0,1958
26.48,-80.03,1,1958
26.5,-80.07,1,1958
27.4,-82.55,1,1958
29.12,-81.35,1,1959
27.2,-80.25,0,1959
26.43,-82.1,0,1959
28.35,-82.2,2,1959
28.57,-81.27,2,1959
28.65,-80.85,2,1959
30.33,-87.3,1,1959
30.4,-87.32,2,1959
28.0,-82.58,1,1959
25.73,-80.28,3,1959
26.92,-80.18,2,1959
26.6,-81.9,1,1959
25.9,-80.5,0,1959
29.87,-81.3,1,1959
28.83,-81.17,0,1959
26.1,-80.2,0,1959
30.42,-83.28,1,1959
27.25,-80.83,1,1959
26.45,-82.05,2,1960
27.47,-80.33,0,1960
30.32,-81.77,0,1960
30.62,-87.3,2,1960
27.75,-81.53,1,1960
30.17,-85.85,2,1960
28.0,-82.42,1,1960
30.47,-81.58,2,1960
30.2,-82.63,3,1960
30.25,-81.75,0,1960
28.13,-81.93,1,1960
28.05,-82.48,1,1960
28.0,-82.17,0,1960
27.58,-82.77,0,1960
30.85,-86.27,2,1960
28.55,-81.88,2,1960
30.47,-84.3,2,1960
30.18,-85.72,2,1960
26.75,-80.93,0,1960
27.72,-82.43,1,1960
26.22,-81.78,1,1960
30.0,-81.68,2,1960
27.68,-80.9,1,1960
28.87,-80.85,0,1960
29.37,-81.07,0,1960
30.3,-85.85,1,1960
30.15,-85.6,2,1960
29.82,-85.28,0,1960
30.32,-87.25,1,1960
26.35,-80.1,1,1960
28.0,-82.4,1,1960
27.62,-80.4,0,1961
30.72,-86.7,1,1961
29.73,-84.98,2,1961
30.48,-84.55,2,1961
27.9,-82.5,1,1961
28.0,-82.5,1,1961
28.5,-81.4,1,1961
26.0,-80.25,0,1961
30.52,-82.97,1,1961
30.68,-81.4,0,1961
28.2,-81.5,1,1961
30.3,-81.4,1,1961
29.78,-81.43,2,1961
26.08,-80.15,2,1961
26.75,-80.1,0,1961
27.75,-82.63,2,1961
30.58,-84.8,2,1961
30.32,-85.05,0,1961
27.33,-80.8,0,1961
27.5,-80.35,0,1961
30.2,-81.47,0,1961
27.55,-81.83,1,1961
29.05,-80.3,2,1961
27.6,-82.55,2,1961
29.17,-81.87,2,1962
25.8,-80.25,1,1962
30.77,-86.6,2,1962
30.77,-86.6,2,1962
30.37,-86.5,2,1962
30.62,-87.1,3,1962
30.5,-87.33,1,1962
30.5,-86.5,1,1962
30.18,-85.73,1,1962
25.9,-81.9,2,1962
30.4,-82.6,1,1962
26.4,-81.83,2,1962
27.45,-80.33,1,1962
30.62,-87.05,2,1962
26.15,-80.43,0,1962
29.9,-81.3,0,1962
25.92,-80.4,0,1962
26.78,-80.07,0,1962
26.98,-82.0,2,1963
27.75,-80.45,2,1963
26.82,-80.67,1,1963
28.02,-82.13,2,1963
27.9,-81.58,2,1963
28.55,-80.8,1,1963
30.72,-86.05,2,1963
27.9,-81.63,2,1963
27.73,-82.75,1,1963
29.92,-84.47,1,1963
25.78,-80.33,0,1963
25.78,-80.33,0,1963
24.55,-81.78,1,1963
28.57,-81.58,1,1963
26.7,-80.07,1,1963
28.47,-80.73,2,1963
30.42,-87.33,2,1963
30.4,-81.7,1,1963
28.0,-82.5,2,1963
28.82,-81.65,1,1963
28.85,-81.3,1,1963
27.8,-82.78,2,1963
27.9,-82.8,2,1963
27.8,-82.67,1,1963
27.02,-80.47,1,1963
29.35,-81.75,1,1963
28.87,-80.87,1,1963
30.72,-86.05,2,1963
25.75,-80.25,1,1964
25.9,-81.5,1,1964
26.35,-80.08,1,1964
26.53,-80.07,1,1964
27.05,-80.12,2,1964
26.47,-80.07,2,1964
26.72,-80.07,1,1964
28.13,-80.63,2,1964
26.07,-80.2,2,1964
30.4,-87.3,1,1964
30.4,-86.58,3,1964
28.03,-81.9,1,1964
29.18,-82.2,2,1964
30.5,-81.7,1,1964
29.2,-81.0,0,1964
27.3,-81.2,0,1964
24.68,-81.35,1,1964
27.75,-82.77,1,1964
30.03,-84.38,2,1964
30.72,-87.33,2,1964
28.73,-81.62,2,1964
30.43,-81.65,1,1964
28.15,-82.47,0,1964
26.62,-81.97,2,1964
28.3,-82.3,1,1964
27.5,-82.6,1,1964
30.12,-83.57,1,1964
30.4,-81.7,2,1964
28.1,-81.55,2,1964
25.9,-80.75,0,1964
28.03,-82.12,2,1964
25.9,-80.25,0,1964
29.7,-82.3,0,1964
27.8,-82.75,1,1964
28.62,-80.8,1,1964
26.07,-80.23,1,1964
29.03,-80.93,0,1964
26.25,-80.2,1,1965
26.1,-80.17,3,1965
26.62,-81.87,2,1965
26.5,-81.75,1,1965
26.55,-80.1,2,1965
30.4,-86.67,2,1965
30.42,-84.3,0,1965
30.4,-83.0,2,1965
30.05,-83.17,1,1965
26.13,-81.8,0,1965
24.72,-81.1,1,1965
24.7,-81.37,0,1965
29.48,-81.68,1,1966
29.77,-82.02,0,1966
28.22,-82.72,1,1966
28.05,-82.67,1,1966
27.92,-82.8,4,1966
27.7,-82.63,2,1966
30.62,-87.02,0,1966
30.63,-87.03,1,1966
28.82,-81.27,1,1966
27.65,-80.4,0,1966
25.82,-81.1,0,1966
24.55,-81.78,2,1966
27.92,-82.75,1,1966
25.75,-80.25,0,1966
25.6,-80.3,1,1966
30.8,-85.23,1,1966
30.8,-85.23,0,1966
27.5,-82.58,0,1966
26.63,-81.87,0,1966
28.8,-81.25,2,1966
28.05,-82.67,0,1966
28.23,-82.15,1,1966
29.7,-82.3,1,1966
27.5,-82.55,1,1966
29.67,-82.35,2,1966
30.0,-81.7,1,1966
27.97,-82.8,0,1966
27.8,-80.48,0,1966
30.43,-87.27,3,1967
30.4,-86.62,2,1967
30.6,-86.2,3,1967
30.77,-85.77,2,1967
30.07,-85.57,3,1967
30.5,-85.1,2,1967
30.0,-85.2,2,1967
27.92,-81.75,1,1967
27.9,-82.78,2,1967
26.32,-80.1,1,1967
27.62,-81.5,1,1967
29.62,-81.83,2,1967
27.5,-81.45,1,1967
27.2,-81.8,1,1967
28.7,-81.07,1,1967
30.58,-84.58,2,1967
26.53,-80.05,1,1967
28.5,-81.35,2,1967
25.47,-80.35,0,1967
27.9,-82.5,1,1967
27.47,-80.3,2,1967
28.62,-80.8,1,1967
26.9,-80.07,1,1967
26.35,-80.1,1,1968
27.42,-82.55,2,1968
25.43,-80.32,0,1968
27.87,-82.85,1,1968
26.97,-82.37,2,1968
28.8,-81.73,1,1968
26.17,-81.83,2,1968
27.1,-82.45,2,1968
27.48,-82.7,1,1968
27.95,-82.45,1,1968
28.37,-82.37,2,1968
27.75,-82.75,1,1968
28.1,-80.6,1,1968
26.2,-81.8,1,1968
26.17,-81.8,2,1968
26.53,-80.2,1,1968
30.35,-87.25,2,1968
30.4,-83.3,1,1968
28.02,-82.77,1,1968
28.05,-81.75,0,1968
25.92,-80.2,2,1968
25.75,-80.42,1,1968
26.38,-80.08,1,1968
29.32,-82.5,0,1968
30.4,-86.48,1,1968
30.8,-85.7,1,1968
30.8,-85.23,1,1968
26.63,-81.85,1,1968
30.35,-83.98,0,1968
27.75,-82.77,1,1968
27.9,-80.6,0,1968
26.67,-80.67,0,1968
30.63,-84.43,1,1968
28.17,-80.6,1,1968
25.77,-80.38,1,1968
28.22,-80.67,1,1968
28.4,-80.65,0,1968
28.1,-81.63,1,1968
25.7,-80.3,1,1968
27.13,-80.2,0,1968
27.97,-82.8,1,1968
27.95,-82.83,1,1968
26.75,-81.8,0,1968
27.0,-82.13,2,1968
28.92,-82.42,1,1968
27.55,-84.3,0,1968
28.07,-80.6,1,1968
28.18,-82.17,1,1968
29.15,-81.05,1,1968
29.28,-81.03,2,1968
25.67,-80.37,0,1968
26.8,-81.9,0,1968
26.68,-80.8,0,1968
25.47,-80.47,0,1968
28.62,-80.8,2,1968
30.18,-81.75,1,1968
30.32,-81.85,1,1968
29.9,-84.55,0,1969
29.23,-81.0,0,1969
27.2,-81.7,0,1969
28.7,-81.98,2,1969
28.8,-82.3,1,1969
27.3,-80.8,2,1969
27.7,-82.63,2,1969
27.95,-82.5,2,1969
26.42,-81.4,1,1969
30.4,-86.85,2,1969
29.6,-84.95,1,1969
30.3,-87.3,1,1969
30.5,-87.33,0,1969
30.38,-86.47,0,1969
30.4,-84.97,1,1969
30.42,-84.98,0,1969
30.4,-85.0,0,1969
30.58,-84.6,2,1969
30.4,-83.3,2,1969
29.6,-82.48,1,1969
25.9,-80.2,0,1969
30.63,-84.4,1,1969
28.6,-81.43,1,1969
26.6,-80.6,0,1969
26.75,-80.63,1,1969
26.63,-80.2,0,1969
30.85,-86.53,1,1969
30.0,-83.83,0,1969
30.57,-87.13,1,1969
30.85,-86.15,0,1969
26.55,-80.47,0,1969
28.4,-82.2,0,1969
25.3,-80.5,0,1969
27.35,-82.52,2,1969
30.48,-86.5,0,1969
28.1,-82.35,1,1969
29.9,-81.48,1,1969
30.47,-82.98,0,1969
27.8,-81.98,2,1969
28.0,-82.2,0,1969
27.5,-82.5,1,1969
27.9,-81.63,1,1969
29.17,-81.0,1,1969
27.72,-80.83,0,1969
28.1,-82.5,1,1969
27.85,-82.38,2,1969
28.8,-81.9,0,1969
28.92,-81.63,0,1969
25.9,-80.45,0,1969
26.13,-80.43,1,1969
26.1,-80.2,1,1969
27.63,-81.5,1,1969
28.62,-81.1,1,1969
30.4,-87.38,0,1969
30.42,-87.0,1,1969
30.12,-83.27,1,1969
29.93,-84.5,1,1969
29.87,-84.67,2,1969
26.83,-80.13,1,1970
27.45,-80.3,2,1970
27.73,-82.42,1,1970
27.73,-82.43,2,1970
27.88,-81.97,0,1970
27.6,-81.5,0,1970
30.42,-86.77,1,1970
29.7,-82.3,2,1970
28.33,-81.52,1,1970
27.07,-82.43,2,1970
27.22,-81.85,2,1970
27.17,-81.85,1,1970
27.52,-81.47,0,1970
28.03,-80.58,1,1970
27.77,-80.58,2,1970
27.17,-82.5,1,1970
26.93,-80.1,2,1970
28.62,-80.8,3,1970
25.8,-80.12,1,1970
30.38,-86.48,1,1970
24.73,-81.4,1,1970
27.2,-80.8,0,1970
28.67,-81.22,1,1970
30.62,-84.63,2,1970
27.07,-80.1,1,1970
28.67,-82.12,0,1970
29.87,-85.17,0,1970
27.17,-81.07,1,1970
27.17,-81.07,1,1970
27.5,-82.5,1,1970
27.5,-82.5,1,1970
29.2,-81.0,0,1970
29.2,-81.0,0,1970
26.47,-80.07,2,1970
29.77,-82.88,2,1970
29.47,-81.27,2,1970
30.7,-81.42,0,1970
30.7,-81.42,0,1970
30.7,-81.42,0,1970
30.7,-81.42,0,1970
28.5,-81.4,1,1970
26.7,-80.67,0,1970
30.5,-86.5,0,1970
30.4,-87.25,0,1970
30.4,-87.23,0,1970
30.4,-87.22,0,1970
30.4,-87.2,0,1970
29.93,-82.95,2,1970
27.97,-82.45,1,1971
28.02,-81.95,2,1971
27.1,-82.45,1,1971
27.13,-82.47,2,1971
27.3,-82.22,1,1971
27.12,-82.38,2,1971
27.02,-82.17,2,1971
30.78,-85.57,0,1971
30.35,-87.17,3,1971
30.37,-87.3,0,1971
29.95,-82.1,2,1971
29.95,-82.03,2,1971
29.9,-81.55,3,1971
26.52,-80.07,0,1971
27.3,-82.5,1,1971
28.37,-82.72,1,1971
27.95,-82.48,0,1971
27.97,-82.47,0,1971
28.08,-81.98,1,1971
27.3,-82.5,1,1971
26.5,-82.0,2,1971
28.58,-81.88,2,1971
28.05,-82.3,0,1971
29.63,-82.62,1,1971
30.47,-87.3,2,1971
30.42,-86.58,2,1971
28.63,-81.42,0,1971
30.5,-86.67,0,1971
30.73,-87.28,1,1971
30.7,-87.05,1,1971
30.75,-86.58,2,1971
30.52,-83.87,1,1971
27.37,-81.4,1,1971
26.2,-80.15,2,1971
27.48,-81.92,1,1971
27.22,-81.38,2,1971
25.8,-80.25,2,1971
28.22,-81.28,0,1971
27.88,-82.33,1,1971
27.75,-82.13,0,1971
27.75,-81.6,0,1971
27.7,-81.53,0,1971
27.9,-81.63,1,1971
28.0,-82.13,1,1971
27.42,-82.55,0,1971
28.02,-81.95,0,1971
26.97,-82.37,1,1971
30.28,-82.98,1,1971
28.3,-81.4,1,1971
29.02,-81.1,2,1971
28.62,-80.82,1,1971
27.33,-82.52,1,1971
27.95,-82.47,1,1971
28.27,-80.67,2,1971
28.27,-80.67,1,1971
27.25,-82.52,0,1971
28.5,-80.5,1,1971
30.47,-87.37,1,1971
30.47,-83.42,0,1971
30.83,-86.6,2,1972
30.88,-86.5,0,1972
29.78,-85.03,2,1972
29.62,-85.0,0,1972
30.4,-84.8,0,1972
30.6,-84.6,2,1972
30.62,-84.62,2,1972
29.92,-84.33,2,1972
30.57,-83.75,1,1972
29.82,-83.58,2,1972
27.0,-80.17,0,1972
25.78,-83.33,0,1972
30.25,-83.2,2,1972
30.5,-87.28,0,1972
30.7,-87.03,2,1972
29.83,-81.67,2,1972
27.92,-82.83,0,1972
27.42,-82.17,2,1972
27.42,-82.58,2,1972
28.5,-81.42,1,1972
28.75,-81.17,1,1972
27.75,-82.25,1,1972
30.83,-85.17,1,1972
30.58,-85.17,1,1972
30.28,-85.98,0,1972
30.62,-87.03,1,1972
30.4,-84.33,2,1972
30.4,-84.42,2,1972
29.83,-81.55,0,1972
29.77,-82.05,1,1972
29.87,-82.08,1,1972
30.58,-87.3,0,1972
29.97,-82.97,0,1972
28.57,-82.42,0,1972
28.67,-81.5,1,1972
28.7,-81.33,1,1972
28.7,-81.32,0,1972
27.83,-82.5,2,1972
28.73,-80.75,2,1972
28.52,-80.7,2,1972
27.9,-82.25,2,1972
26.68,-80.27,1,1972
28.68,-81.57,1,1972
30.42,-87.25,1,1972
30.67,-87.08,2,1972
29.92,-85.17,1,1972
26.12,-80.17,2,1972
30.83,-86.67,1,1972
30.62,-87.38,0,1972
29.07,-81.3,2,1972
30.57,-85.0,2,1972
27.33,-82.5,0,1972
24.62,-81.68,2,1972
24.57,-81.8,2,1972
24.83,-80.88,1,1972
27.43,-81.0,1,1972
26.43,-82.12,2,1972
26.62,-82.17,2,1972
28.13,-81.7,1,1972
26.62,-81.63,2,1972
28.2,-82.17,1,1972
26.8,-80.1,1,1972
27.22,-80.97,0,1972
28.0,-80.57,2,1972
28.37,-80.67,3,1972
28.47,-80.53,3,1972
28.75,-81.08,1,1972
30.98,-87.27,0,1972
30.97,-85.6,2,1972
30.62,-84.67,1,1972
30.53,-84.77,1,1972
30.4,-85.7,0,1972
28.12,-81.63,1,1972
30.33,-81.67,1,1972
28.83,-81.25,2,1972
29.13,-81.3,2,1972
24.63,-81.67,1,1972
30.4,-86.6,0,1973
27.92,-82.92,2,1973
26.6,-81.83,1,1973
25.42,-80.42,2,1973
25.47,-80.33,1,1973
30.33,-87.17,1,1973
30.72,-87.3,0,1973
30.47,-87.2,0,1973
28.02,-81.97,1,1973
27.87,-82.17,1,1973
28.33,-82.17,1,1973
28.27,-81.47,2,1973
28.52,-81.43,2,1973
28.5,-80.8,2,1973
27.13,-80.2,2,1973
27.77,-82.78,1,1973
28.22,-82.17,2,1973
28.03,-81.72,1,1973
28.1,-81.67,2,1973
28.42,-80.75,1,1973
27.32,-81.38,1,1973
29.07,-82.1,2,1973
30.52,-84.37,1,1973
30.5,-81.5,1,1973
30.2,-85.8,1,1973
30.2,-83.17,0,1973
29.0,-82.13,0,1973
27.5,-82.5,1,1973
28.17,-82.08,1,1973
30.43,-84.98,1,1973
29.55,-82.1,2,1973
27.42,-82.5,0,1973
27.4,-82.53,0,1973
27.73,-80.42,0,1973
28.55,-81.1,0,1973
26.12,-80.12,0,1973
30.6,-87.3,2,1973
30.23,-86.92,1,1973
30.2,-82.4,0,1973
27.23,-81.73,0,1973
28.2,-82.2,0,1973
26.67,-80.33,0,1973
28.0,-82.83,0,1973
28.8,-81.3,0,1973
27.1,-82.45,1,1973
26.95,-82.35,0,1974
26.97,-82.1,0,1974
26.73,-80.13,0,1974
30.37,-86.65,2,1974
30.65,-84.42,2,1974
30.82,-86.22,1,1974
30.4,-86.33,1,1974
29.7,-85.18,0,1974
28.08,-82.78,1,1974
30.08,-84.5,1,1974
30.33,-82.77,2,1974
27.9,-81.7,0,1974
30.12,-85.72,1,1974
29.92,-85.43,1,1974
30.83,-85.0,1,1974
30.57,-84.73,1,1974
29.73,-84.88,1,1974
29.73,-84.88,1,1974
30.17,-83.58,1,1974
30.28,-82.12,2,1974
30.08,-81.68,2,1974
30.35,-81.67,1,1974
29.92,-81.48,1,1974
29.0,-82.7,1,1974
28.8,-81.63,0,1974
29.17,-81.83,1,1974
28.75,-82.42,1,1974
27.55,-81.67,0,1974
27.17,-80.27,1,1974
28.12,-82.02,0,1974
28.8,-81.87,1,1974
28.78,-81.68,0,1974
28.33,-82.18,1,1974
28.25,-82.72,0,1974
28.22,-82.72,0,1974
30.38,-82.98,1,1974
28.02,-81.9,1,1974
27.83,-82.22,0,1974
26.58,-81.83,0,1974
28.03,-81.98,1,1974
27.33,-82.53,0,1974
26.68,-81.88,0,1974
30.17,-82.98,0,1974
27.2,-80.32,0,1974
27.83,-82.6,0,1974
26.28,-80.23,0,1974
27.98,-82.47,0,1974
27.48,-82.57,0,1974
30.63,-87.03,0,1974
26.45,-81.95,0,1974
26.68,-81.92,0,1974
28.85,-81.67,1,1974
29.18,-82.13,1,1974
30.72,-87.23,1,1974
30.6,-87.15,1,1975
30.18,-85.8,1,1975
29.95,-85.42,0,1975
30.42,-86.4,1,1975
30.35,-87.4,1,1975
30.52,-87.32,0,1975
30.38,-86.58,1,1975
28.9,-82.57,0,1975
29.08,-82.17,3,1975
29.2,-82.2,0,1975
30.4,-86.75,1,1975
30.75,-85.93,0,1975
30.5,-85.67,1,1975
30.17,-85.7,2,1975
29.97,-82.93,1,1975
29.58,-82.42,0,1975
30.07,-84.57,0,1975
26.62,-80.05,0,1975
29.92,-82.72,0,1975
28.22,-82.72,1,1975
30.8,-85.63,1,1975
30.75,-85.27,1,1975
30.58,-84.42,0,1975
30.0,-83.2,2,1975
30.0,-82.27,1,1975
28.83,-82.57,1,1975
26.0,-81.73,0,1975
30.77,-87.23,0,1975
30.93,-86.5,1,1975
29.73,-83.33,1,1975
29.92,-81.33,2,1975
28.55,-82.45,1,1975
26.97,-81.13,1,1975
26.83,-80.05,0,1975
30.05,-81.75,0,1975
29.55,-82.0,1,1975
29.35,-81.73,1,1975
29.17,-81.17,0,1975
28.8,-81.72,1,1975
28.33,-80.68,1,1975
30.42,-87.25,1,1975
30.4,-86.67,0,1975
27.9,-81.55,0,1975
28.95,-81.3,0,1975
28.3,-81.23,0,1975
27.7,-80.92,0,1975
26.58,-81.5,0,1975
30.95,-85.17,1,1975
28.25,-81.28,1,1975
30.75,-86.6,1,1975
28.88,-81.3,0,1975
28.07,-81.78,1,1975
27.92,-82.8,1,1975
27.93,-82.28,0,1975
29.02,-82.12,1,1975
30.62,-87.33,1,1975
28.07,-81.78,1,1975
28.67,-81.42,1,1975
30.5,-84.0,1,1975
27.37,-80.33,1,1975
27.3,-80.2,1,1975
26.57,-80.33,0,1975
26.63,-81.85,0,1975
27.6,-81.52,1,1975
29.25,-82.17,1,1975
26.63,-80.1,0,1975
27.93,-82.25,1,1975
28.6,-80.8,1,1975
28.6,-80.8,0,1975
30.13,-82.77,0,1975
28.15,-82.53,0,1975
30.52,-87.27,0,1975
25.68,-80.35,1,1975
30.35,-81.63,0,1975
30.57,-85.2,0,1975
27.45,-80.45,1,1975
27.45,-80.33,0,1975
27.77,-82.67,0,1975
30.18,-82.63,1,1975
28.67,-80.88,1,1975
27.33,-82.42,1,1975
25.8,-80.28,0,1975
27.48,-82.63,0,1975
27.22,-81.92,1,1975
28.57,-81.53,1,1975
30.0,-82.6,1,1975
27.78,-82.42,1,1975
29.03,-81.27,0,1975
28.23,-82.18,0,1975
27.78,-82.72,0,1975
28.67,-81.03,0,1975
26.65,-82.15,0,1975
30.28,-85.85,1,1975
30.17,-85.67,0,1975
30.4,-86.62,1,1975
30.78,-85.53,1,1975
27.98,-82.47,1,1975
30.47,-83.4,1,1976
26.42,-80.08,0,1976
30.17,-85.67,0,1976
30.38,-87.35,0,1976
27.77,-82.67,0,1976
29.48,-82.2,0,1976
30.6,-87.03,0,1976
30.67,-87.15,0,1976
30.63,-85.58,0,1976
26.17,-80.42,0,1976
29.8,-85.28,0,1976
29.95,-84.38,0,1976
30.3,-83.17,0,1976
30.25,-82.17,0,1976
30.35,-81.83,0,1976
28.7,-81.17,0,1976
25.93,-81.75,0,1976
29.07,-82.08,0,1976
27.8,-82.8,0,1976
27.5,-81.45,0,1976
30.08,-84.33,0,1976
28.48,-81.25,0,1976
30.38,-81.93,0,1976
27.92,-80.98,0,1976
29.48,-82.87,0,1976
30.08,-82.83,0,1976
29.48,-81.67,0,1976
27.75,-81.8,0,1976
30.28,-83.58,0,1976
28.9,-82.57,0,1976
30.38,-84.38,0,1976
29.13,-80.98,0,1976
28.0,-82.58,1,1976
29.0,-82.37,0,1976
28.95,-81.3,0,1976
28.87,-81.77,0,1976
27.1,-82.45,0,1976
26.75,-80.17,0,1976
30.42,-81.58,1,1976
27.33,-82.53,0,1976
28.23,-82.18,0,1976
28.32,-82.33,0,1976
26.38,-81.45,1,1976
30.47,-87.18,1,1976
30.45,-87.03,0,1976
27.98,-82.38,1,1976
28.12,-81.62,1,1976
29.18,-82.13,1,1976
28.9,-82.57,0,1976
26.13,-81.8,0,1976
29.95,-82.13,1,1976
30.08,-81.45,0,1976
28.37,-82.18,0,1976
30.58,-84.52,1,1976
29.28,-81.13,0,1976
29.5,-82.28,1,1976
27.83,-82.72,0,1976
29.65,-81.63,0,1976
27.9,-82.75,1,1976
26.67,-80.65,0,1976
28.23,-80.6,0,1976
24.92,-80.63,0,1976
26.58,-80.05,0,1976
28.25,-82.63,0,1976
30.3,-82.98,0,1976
30.67,-81.45,0,1976
26.73,-80.93,1,1976
30.45,-84.33,0,1977
30.45,-86.72,0,1977
27.88,-80.5,0,1977
30.47,-86.5,0,1977
29.63,-81.7,2,1977
26.35,-81.85,0,1977
28.3,-81.4,1,1977
30.53,-86.5,0,1977
30.38,-86.52,1,1977
28.27,-81.4,0,1977
28.57,-81.28,0,1977
27.13,-81.37,0,1977
28.6,-80.8,0,1977
29.03,-82.12,1,1977
29.55,-81.65,0,1977
28.25,-82.72,0,1977
29.62,-81.82,1,1977
25.63,-80.48,0,1977
30.15,-81.62,1,1977
29.78,-82.5,1,1977
30.63,-81.6,0,1977
28.03,-81.95,0,1977
27.45,-81.27,0,1977
25.97,-81.73,0,1977
25.97,-81.73,0,1977
27.48,-82.57,1,1977
30.18,-82.63,0,1977
27.22,-81.85,0,1977
26.68,-81.88,0,1977
27.02,-80.42,0,1977
28.23,-82.23,0,1977
30.03,-82.18,1,1977
28.8,-81.87,0,1977
28.7,-80.83,0,1977
28.8,-81.27,0,1977
27.37,-82.38,0,1978
27.57,-80.38,0,1978
29.95,-85.42,0,1978
26.27,-80.12,1,1978
29.82,-85.3,1,1978
27.28,-82.53,1,1978
28.73,-81.6,1,1978
28.67,-81.5,1,1978
28.18,-82.47,2,1978
28.17,-82.18,2,1978
28.47,-82.17,1,1978
29.95,-85.42,1,1978
28.08,-80.6,0,1978
30.07,-81.87,0,1978
28.05,-82.53,0,1978
28.58,-81.33,1,1978
27.07,-80.12,0,1978
27.12,-82.45,1,1978
26.95,-82.07,0,1978
28.97,-81.63,0,1978
27.92,-82.3,2,1978
28.5,-81.53,2,1978
28.62,-81.43,2,1978
26.7,-82.15,1,1978
26.93,-82.05,1,1978
27.3,-80.3,1,1978
27.25,-80.83,1,1978
26.62,-80.05,1,1978
30.67,-81.45,1,1978
29.28,-81.05,1,1978
28.87,-81.67,1,1978
29.85,-82.4,2,1978
29.07,-82.05,2,1978
29.08,-81.58,1,1978
30.82,-86.22,0,1978
26.78,-80.63,0,1978
25.92,-80.35,0,1978
27.48,-82.57,0,1978
30.2,-82.43,0,1978
28.02,-82.12,0,1978
27.1,-82.45,0,1978
29.65,-82.62,0,1978
29.62,-81.9,0,1978
29.5,-81.63,0,1978
26.42,-80.72,0,1978
30.75,-86.42,0,1978
30.07,-81.87,0,1978
30.32,-81.85,1,1978
30.07,-82.17,0,1978
29.33,-83.15,0,1978
29.57,-82.45,2,1978
29.97,-81.32,0,1978
30.03,-81.33,0,1978
28.33,-82.27,0,1978
27.92,-82.7,3,1978
29.43,-81.52,0,1978
27.45,-81.33,1,1978
27.98,-80.98,0,1978
27.45,-81.4,0,1978
28.43,-81.37,0,1978
26.63,-80.67,0,1978
25.98,-80.22,0,1978
28.58,-82.38,0,1978
27.48,-82.57,0,1978
26.7,-80.08,0,1978
30.82,-86.22,0,1978
30.23,-82.88,0,1978
27.83,-82.78,0,1978
29.77,-81.63,0,1978
27.83,-82.78,0,1978
29.1,-80.95,0,1978
27.98,-82.47,0,1978
28.23,-82.35,0,1978
30.35,-87.22,0,1978
28.03,-82.55,0,1978
28.25,-82.72,0,1978
28.45,-82.7,0,1978
29.33,-81.05,0,1978
26.37,-80.5,0,1978
28.53,-81.3,0,1978
27.3,-80.3,0,1978
26.57,-81.12,0,1978
28.83,-81.27,1,1978
27.45,-82.1,0,1978
26.0,-80.28,0,1978
24.57,-81.73,0,1978
26.7,-82.02,0,1978
30.23,-81.68,0,1978
28.85,-80.85,0,1978
29.05,-80.95,0,1978
28.92,-81.27,0,1978
27.83,-82.78,0,1979
30.63,-83.92,1,1979
30.88,-87.5,1,1979
27.52,-80.82,1,1979
27.88,-80.5,1,1979
26.68,-80.05,2,1979
28.67,-80.83,1,1979
27.45,-82.65,3,1979
29.17,-81.33,1,1979
27.17,-81.8,1,1979
26.53,-81.83,1,1979
27.3,-81.37,1,1979
26.98,-80.6,3,1979
30.95,-87.15,1,1979
26.35,-80.08,1,1979
28.23,-82.18,1,1979
30.35,-87.28,1,1979
30.32,-87.13,1,1979
30.45,-85.1,1,1979
30.52,-84.58,1,1979
30.47,-81.63,0,1979
27.03,-81.97,0,1979
28.8,-81.72,1,1979
28.02,-82.78,1,1979
28.2,-82.75,1,1979
26.1,-80.13,2,1979
27.18,-80.17,1,1979
28.88,-81.3,1,1979
28.23,-82.32,0,1979
28.03,-82.45,1,1979
28.08,-82.23,0,1979
27.98,-82.7,0,1979
29.2,-81.02,1,1979
27.98,-82.53,1,1979
29.07,-82.47,0,1979
28.0,-82.53,0,1979
27.97,-82.8,0,1979
28.05,-82.38,0,1979
27.93,-82.28,0,1979
27.87,-82.38,0,1979
28.23,-82.25,0,1979
28.07,-81.68,2,1979
28.83,-82.3,0,1979
27.98,-82.47,0,1979
27.38,-80.32,0,1979
27.25,-80.25,0,1979
27.93,-82.28,0,1979
30.13,-83.22,0,1979
29.75,-82.6,1,1979
30.53,-86.5,1,1979
28.98,-81.92,1,1979
29.65,-81.52,1,1979
30.75,-86.22,1,1979
29.67,-81.22,1,1979
30.13,-82.98,1,1979
30.3,-83.15,1,1979
28.32,-80.6,2,1979
30.2,-82.02,0,1979
28.78,-82.62,0,1979
28.8,-81.55,1,1979
28.3,-82.42,0,1979
30.57,-87.27,0,1979
26.63,-81.85,0,1979
27.42,-82.55,0,1979
29.18,-82.13,1,1979
30.43,-87.22,0,1979
30.53,-86.5,0,1979
30.37,-86.67,0,1979
30.42,-87.25,1,1979
30.88,-85.12,1,1979
30.75,-86.6,0,1979
27.9,-81.62,0,1979
27.78,-82.63,1,1979
27.48,-82.57,0,1979
29.05,-81.17,0,1979
29.68,-81.9,0,1979
30.63,-81.88,0,1979
26.67,-81.0,0,1979
28.07,-82.67,1,1979
26.47,-80.07,0,1979
28.07,-80.57,2,1979
27.63,-80.4,1,1979
28.35,-80.73,0,1979
28.67,-80.83,0,1979
29.47,-81.27,0,1979
29.2,-81.0,2,1979
29.13,-80.98,2,1979
29.28,-81.05,1,1979
30.6,-81.45,0,1979
30.75,-86.6,1,1980
29.53,-82.4,1,1980
25.65,-80.42,0,1980
26.27,-80.2,0,1980
29.83,-85.3,0,1980
30.03,-82.67,0,1980
26.08,-81.75,0,1980
29.65,-81.6,1,1980
30.05,-83.17,0,1980
30.0,-81.92,1,1980
30.25,-81.75,1,1980
30.97,-87.43,1,1980
30.75,-87.17,1,1980
26.17,-80.17,3,1980
26.33,-80.08,1,1980
30.63,-87.03,0,1980
26.47,-80.08,0,1980
27.2,-80.83,0,1980
24.67,-81.42,2,1980
26.75,-80.93,1,1980
30.5,-87.22,0,1980
30.25,-85.92,1,1980
27.35,-82.17,0,1980
25.92,-80.28,1,1980
29.67,-82.05,1,1980
30.25,-83.23,1,1980
29.37,-81.92,1,1980
26.75,-80.93,1,1980
26.75,-81.43,1,1980
26.93,-82.05,1,1980
26.68,-81.88,1,1980
26.8,-80.05,0,1980
26.68,-81.88,1,1980
26.63,-80.17,1,1980
25.7,-80.38,0,1980
30.55,-87.18,0,1980
30.73,-86.75,0,1980
29.48,-81.67,1,1980
28.67,-81.38,0,1980
30.17,-85.67,1,1980
30.17,-82.98,1,1980
30.12,-83.17,1,1980
30.18,-82.83,1,1980
30.43,-86.62,1,1980
30.38,-86.52,0,1980
30.05,-82.08,1,1980
29.72,-81.98,0,1980
25.7,-80.28,1,1980
28.92,-82.45,1,1980
28.63,-80.75,0,1980
29.85,-82.4,1,1980
30.33,-81.75,1,1980
27.98,-82.53,1,1980
25.6,-80.35,1,1980
30.28,-85.63,0,1980
29.1,-82.23,1,1980
26.93,-82.05,1,1980
27.5,-81.8,1,1980
27.48,-82.57,1,1980
25.98,-80.22,1,1980
30.45,-85.05,2,1981
27.72,-82.72,2,1981
30.83,-86.7,1,1981
28.8,-81.87,1,1981
30.12,-85.57,1,1981
28.05,-82.3,1,1981
27.17,-80.3,1,1981
28.67,-81.2,2,1981
28.5,-81.42,3,1981
28.23,-81.37,2,1981
29.75,-82.5,0,1981
29.25,-82.17,1,1981
30.17,-81.7,1,1981
26.02,-80.47,0,1981
28.07,-81.78,1,1981
26.08,-80.2,1,1981
26.12,-80.23,1,1981
25.97,-80.22,1,1981
30.18,-85.8,0,1981
26.02,-80.2,0,1981
28.72,-80.85,1,1981
26.17,-80.17,0,1981
25.62,-80.38,1,1981
28.43,-81.42,0,1981
28.08,-82.58,1,1981
27.88,-81.73,1,1981
28.18,-82.17,1,1981
28.83,-82.22,1,1981
28.03,-82.67,0,1981
28.6,-81.33,0,1981
26.32,-80.1,0,1981
28.62,-81.43,1,1981
28.35,-81.13,0,1981
28.73,-81.55,0,1981
27.25,-80.95,0,1981
27.25,-80.95,0,1981
27.4,-82.55,0,1981
27.88,-82.25,0,1981
26.93,-81.87,0,1981
27.48,-82.32,0,1981
27.83,-82.75,0,1981
29.18,-82.13,1,1981
27.52,-82.58,0,1981
27.87,-82.33,1,1981
26.1,-80.13,0,1981
28.55,-81.77,1,1981
30.03,-82.93,1,1981
25.47,-80.55,0,1981
30.92,-86.5,0,1981
30.95,-87.15,0,1981
25.92,-80.18,0,1981
24.97,-80.57,0,1981
27.63,-80.43,0,1981
28.33,-80.72,1,1981
27.42,-82.58,1,1981
27.33,-82.53,1,1981
28.67,-81.53,0,1981
26.13,-81.8,0,1981
27.88,-81.62,0,1981
26.93,-80.1,0,1981
25.8,-80.12,0,1981
26.6,-81.97,1,1982
30.18,-85.8,1,1982
30.45,-85.05,1,1982
26.52,-81.6,1,1982
26.63,-81.43,0,1982
27.52,-82.55,1,1982
26.62,-80.05,1,1982
27.75,-82.68,0,1982
25.6,-80.4,1,1982
27.42,-81.42,1,1982
29.12,-81.33,1,1982
27.33,-80.33,0,1982
28.0,-81.67,0,1982
28.08,-80.6,0,1982
30.6,-87.15,1,1982
28.58,-81.42,1,1982
30.17,-82.7,1,1982
28.8,-81.27,2,1982
29.53,-83.12,1,1982
29.5,-82.8,1,1982
28.5,-81.83,2,1982
26.62,-80.05,0,1982
28.87,-81.77,1,1982
25.6,-80.35,1,1982
29.17,-82.65,2,1982
28.8,-82.57,0,1982
28.02,-81.72,0,1982
29.43,-81.52,0,1982
25.8,-80.12,0,1982
25.98,-80.15,0,1982
28.02,-81.72,1,1982
28.85,-81.15,1,1982
26.72,-81.5,2,1982
27.07,-82.45,0,1982
27.42,-81.38,2,1982
27.65,-81.35,1,1982
29.13,-81.05,0,1982
28.98,-81.32,1,1982
27.73,-81.53,0,1982
28.02,-81.72,1,1982
27.2,-80.25,0,1982
29.95,-81.35,0,1982
30.33,-87.1,0,1982
25.02,-80.52,0,1982
24.55,-81.77,1,1982
24.68,-81.48,0,1982
25.02,-80.52,0,1982
30.52,-82.33,0,1982
28.83,-82.33,1,1982
27.42,-82.55,1,1982
27.83,-81.53,1,1982
27.75,-81.98,0,1982
27.9,-81.58,1,1982
30.17,-85.67,0,1982
30.25,-85.93,1,1982
28.03,-81.95,1,1982
30.85,-86.53,0,1982
30.33,-87.13,0,1982
27.98,-82.53,1,1982
28.8,-82.57,0,1982
28.48,-82.45,1,1982
25.5,-80.55,0,1982
28.62,-81.38,0,1982
28.03,-82.67,1,1982
26.27,-80.17,0,1982
25.68,-80.35,0,1982
26.45,-82.02,0,1982
26.17,-81.7,1,1982
27.38,-81.03,2,1982
30.42,-87.22,1,1983
29.28,-81.05,2,1983
29.47,-81.13,2,1983
30.48,-86.53,1,1983
27.77,-82.67,2,1983
27.22,-81.87,2,1983
30.63,-87.03,2,1983
30.18,-85.8,1,1983
30.07,-84.48,1,1983
30.3,-82.98,1,1983
30.38,-83.15,1,1983
30.42,-83.3,1,1983
30.18,-85.8,1,1983
25.65,-80.43,0,1983
26.13,-80.13,0,1983
26.68,-80.13,1,1983
30.38,-87.27,1,1983
30.33,-87.15,0,1983
30.82,-86.55,1,1983
30.85,-86.28,2,1983
28.57,-82.65,1,1983
28.75,-82.28,1,1983
29.52,-82.27,2,1983
27.77,-82.67,1,1983
29.18,-81.43,1,1983
27.98,-82.22,2,1983
27.22,-81.87,1,1983
29.02,-80.93,1,1983
28.55,-81.37,2,1983
28.6,-81.33,0,1983
28.55,-81.37,2,1983
27.45,-81.4,2,1983
28.25,-80.72,1,1983
27.25,-80.23,2,1983
26.13,-81.8,1,1983
25.9,-80.93,2,1983
27.25,-80.83,2,1983
28.02,-81.72,1,1983
28.25,-81.03,2,1983
28.0,-81.0,1,1983
30.62,-87.0,0,1983
30.38,-86.52,0,1983
28.12,-80.63,2,1983
28.57,-81.8,1,1983
28.87,-80.85,1,1983
29.8,-84.58,1,1983
29.72,-82.9,2,1983
30.03,-82.4,1,1983
30.17,-81.8,1,1983
29.42,-82.1,1,1983
28.53,-81.77,1,1983
28.93,-81.05,1,1983
28.73,-81.6,1,1983
28.72,-82.48,3,1983
29.17,-82.23,2,1983
29.48,-81.63,1,1983
30.4,-84.35,1,1983
30.25,-82.27,1,1983
26.47,-80.07,0,1983
25.77,-80.37,0,1983
24.65,-81.57,1,1983
29.65,-82.33,1,1983
29.47,-81.13,0,1983
27.6,-81.52,1,1983
30.95,-85.17,1,1983
29.9,-82.12,1,1983
26.12,-81.78,0,1983
28.0,-82.05,1,1983
28.92,-82.37,0,1983
26.27,-80.22,0,1983
26.47,-80.07,1,1983
28.23,-82.18,1,1983
28.73,-81.2,1,1983
25.83,-81.3,0,1983
27.13,-82.45,1,1983
29.5,-81.15,1,1983
30.17,-85.67,1,1983
25.7,-80.37,0,1983
28.38,-80.6,0,1983
26.68,-80.08,0,1983
26.7,-80.1,2,1983
26.6,-81.97,1,1983
27.48,-82.57,0,1983
28.07,-81.78,0,1983
27.85,-82.52,0,1983
29.88,-84.8,1,1984
30.05,-83.17,3,1984
30.77,-81.63,1,1984
29.78,-82.02,2,1984
28.8,-81.27,1,1984
26.13,-80.13,0,1984
24.68,-81.38,0,1984
30.17,-85.67,0,1984
25.72,-80.25,0,1984
29.22,-81.03,0,1984
28.83,-82.33,1,1984
28.55,-82.05,0,1984
26.27,-80.12,1,1984
28.58,-81.88,0,1984
25.8,-80.28,0,1984
25.85,-80.27,0,1984
27.63,-80.4,0,1984
27.73,-82.35,0,1984
28.8,-81.72,0,1984
29.03,-81.3,1,1984
28.9,-82.57,0,1984
26.05,-80.53,0,1984
27.22,-81.87,1,1984
28.03,-81.95,0,1984
26.68,-80.15,0,1984
27.22,-81.87,0,1984
28.92,-82.37,1,1984
28.9,-82.57,1,1984
27.45,-82.33,0,1984
27.27,-80.32,0,1984
30.42,-87.22,0,1985
30.37,-86.67,1,1985
30.47,-86.4,1,1985
30.8,-86.7,0,1985
30.57,-81.82,1,1985
27.98,-82.47,1,1985
30.78,-85.52,0,1985
30.18,-85.8,0,1985
30.58,-87.3,1,1985
27.92,-82.8,1,1985
27.08,-82.48,3,1985
27.08,-81.97,0,1985
27.23,-80.8,1,1985
30.25,-85.93,1,1985
26.68,-80.67,1,1985
27.75,-80.43,1,1985
30.72,-86.12,0,1985
30.58,-84.03,0,1985
26.98,-82.33,0,1985
29.83,-82.6,1,1985
27.22,-81.87,1,1985
28.08,-80.6,0,1985
28.55,-82.38,0,1985
27.98,-82.47,0,1985
26.13,-80.13,0,1985
28.25,-82.72,1,1985
29.18,-82.13,1,1985
28.8,-81.87,2,1985
26.83,-81.08,0,1985
28.8,-81.87,0,1985
26.13,-80.13,0,1985
25.52,-80.43,0,1985
26.72,-80.03,0,1985
28.9,-82.48,0,1985
30.4,-81.43,0,1985
28.03,-80.58,1,1986
28.7,-81.27,0,1986
29.18,-82.13,0,1986
26.68,-80.67,0,1986
26.68,-80.67,1,1986
27.37,-80.33,0,1986
30.7,-85.02,1,1986
28.18,-81.82,1,1986
25.7,-80.3,0,1986
28.37,-82.7,0,1986
29.17,-81.53,0,1986
27.48,-82.57,0,1986
27.88,-81.83,2,1986
29.65,-82.32,2,1986
29.38,-82.22,1,1986
29.17,-81.53,1,1986
29.97,-81.45,0,1986
29.47,-81.13,0,1986
29.47,-81.15,0,1986
29.3,-81.18,0,1986
29.07,-82.05,1,1986
29.3,-81.18,1,1986
26.07,-80.23,0,1986
30.35,-81.72,0,1986
28.3,-82.42,0,1986
27.77,-82.67,0,1986
28.68,-81.47,0,1986
27.52,-82.53,0,1986
28.02,-81.68,0,1986
27.9,-81.98,0,1986
27.77,-82.67,0,1986
28.12,-81.62,0,1986
25.0,-80.55,1,1986
26.82,-80.65,0,1986
28.82,-82.5,0,1986
27.73,-81.95,0,1986
27.87,-82.85,0,1986
30.57,-81.82,0,1986
26.67,-80.5,0,1986
26.65,-80.6,0,1986
28.0,-81.58,0,1986
30.17,-82.65,0,1986
29.28,-83.12,0,1986
26.6,-81.97,1,1986
26.1,-80.2,0,1986
27.67,-80.47,0,1986
27.08,-80.42,0,1986
27.47,-82.55,0,1986
27.47,-82.7,0,1986
26.6,-81.97,2,1986
27.18,-81.83,0,1986
26.48,-81.83,0,1986
26.15,-80.43,0,1986
25.08,-80.45,1,1987
30.45,-85.87,1,1987
29.55,-81.98,0,1987
29.47,-81.27,0,1987
28.25,-82.72,0,1987
28.37,-82.7,0,1987
26.33,-81.77,0,1987
26.68,-80.8,0,1987
26.23,-80.12,0,1987
28.23,-82.18,0,1987
27.27,-80.32,0,1987
29.5,-81.15,0,1987
28.8,-81.63,2,1987
28.65,-82.05,2,1987
29.85,-84.67,0,1987
30.42,-83.3,0,1987
26.8,-81.63,0,1987
26.6,-81.97,1,1987
30.95,-87.15,0,1987
27.28,-81.87,0,1987
28.28,-82.15,0,1987
27.82,-82.72,0,1987
30.35,-81.67,0,1987
28.12,-81.62,0,1987
27.48,-80.33,0,1987
26.05,-80.17,0,1987
25.77,-80.2,0,1987
26.3,-80.18,0,1987
26.07,-80.23,0,1987
27.88,-81.83,0,1987
27.77,-80.6,0,1987
29.97,-82.1,0,1987
30.18,-82.63,0,1987
27.48,-82.57,0,1987
27.83,-82.72,0,1987
28.55,-82.37,0,1987
29.65,-82.32,0,1987
29.48,-81.67,0,1987
27.9,-81.98,0,1987
28.47,-80.8,0,1987
26.92,-82.32,1,1987
26.98,-82.33,1,1987
30.63,-86.93,1,1987
28.3,-81.67,1,1987
30.18,-82.63,0,1987
30.27,-85.53,0,1988
27.77,-82.67,0,1988
27.77,-82.67,0,1988
26.63,-81.85,2,1988
30.0,-81.68,1,1988
30.18,-85.8,1,1988
30.37,-83.35,2,1988
30.37,-86.23,0,1988
27.75,-81.8,1,1988
27.77,-82.77,0,1988
27.05,-82.42,0,1988
29.17,-81.18,1,1988
30.95,-85.17,2,1988
30.93,-85.12,1,1988
30.45,-83.42,3,1988
30.6,-83.25,2,1988
28.63,-81.88,1,1988
24.55,-81.65,0,1988
27.25,-80.83,1,1988
27.1,-82.45,1,1988
26.35,-80.08,1,1988
28.85,-80.85,0,1988
24.55,-81.77,0,1988
30.68,-81.92,0,1988
25.98,-80.2,0,1988
26.32,-80.17,1,1988
30.05,-82.08,0,1988
26.13,-80.6,0,1988
28.12,-82.02,1,1988
28.83,-82.33,2,1988
28.23,-82.18,0,1988
29.72,-81.52,0,1988
27.73,-82.75,0,1988
27.77,-82.67,0,1988
30.42,-87.22,0,1988
27.25,-80.83,0,1988
26.93,-82.05,0,1988
27.77,-82.67,0,1988
27.98,-82.47,1,1988
30.25,-85.93,0,1988
30.73,-86.33,0,1988
30.5,-86.13,0,1988
30.37,-86.12,0,1988
26.97,-82.1,0,1988
26.97,-82.1,1,1988
27.77,-82.67,0,1988
31.0,-85.52,1,1989
30.77,-85.82,0,1989
30.88,-85.67,0,1989
28.55,-82.38,0,1989
30.37,-86.37,0,1989
30.5,-86.13,0,1989
30.7,-85.53,1,1989
28.08,-80.57,0,1989
30.8,-86.42,1,1989
30.8,-86.42,0,1989
30.4,-86.67,0,1989
26.15,-80.15,0,1989
28.15,-80.68,0,1989
28.05,-80.58,0,1989
24.82,-81.48,0,1989
28.03,-81.83,0,1989
27.22,-81.87,0,1989
25.42,-80.6,0,1989
26.07,-80.22,0,1989
26.17,-80.38,0,1989
27.1,-82.45,0,1989
28.25,-82.72,0,1989
30.47,-86.53,2,1989
30.4,-86.8,0,1989
30.6,-86.17,0,1989
28.62,-80.83,0,1989
28.23,-80.6,0,1989
29.87,-84.7,0,1989
30.07,-84.48,0,1989
30.07,-84.48,0,1989
28.08,-81.73,0,1989
28.03,-81.95,0,1989
27.22,-81.8,0,1989
29.5,-81.95,0,1989
29.73,-81.88,0,1989
30.92,-85.52,0,1989
29.32,-82.78,1,1989
27.37,-81.22,0,1989
27.75,-81.98,0,1989
30.42,-87.22,0,1989
30.33,-81.88,0,1989
26.75,-81.43,0,1989
28.25,-82.72,1,1989
30.43,-86.58,0,1989
30.42,-87.22,0,1989
30.17,-85.67,0,1989
30.33,-87.22,1,1989
30.48,-86.5,0,1989
29.73,-84.88,0,1989
29.72,-84.92,2,1989
29.85,-84.67,0,1989
30.07,-84.48,1,1989
30.45,-84.28,0,1989
30.45,-84.28,0,1989
30.45,-84.28,0,1989
26.83,-81.08,0,1989
29.88,-85.22,1,1989
26.35,-80.08,0,1989
26.58,-80.05,0,1989
28.43,-80.77,0,1989
26.63,-81.85,2,1989
27.77,-82.77,0,1989
26.63,-81.85,0,1989
25.77,-80.17,0,1989
27.25,-80.23,0,1989
27.98,-82.47,0,1989
26.45,-81.95,0,1989
30.67,-81.45,0,1989
26.93,-82.05,0,1989
26.63,-81.85,0,1989
26.6,-81.97,0,1989
29.03,-82.57,0,1990
30.18,-82.63,0,1990
26.63,-81.85,0,1990
27.48,-81.45,1,1990
28.62,-81.38,1,1990
29.37,-81.03,0,1990
29.22,-81.05,0,1990
30.6,-87.05,1,1990
26.93,-82.05,0,1990
28.55,-82.45,0,1990
26.63,-81.85,0,1990
26.6,-81.97,0,1990
26.6,-81.97,0,1990
25.77,-80.38,0,1990
26.43,-81.47,0,1990
26.13,-80.23,0,1990
27.78,-82.0,0,1990
25.77,-80.3,0,1990
26.27,-80.2,0,1990
28.03,-81.95,0,1990
28.02,-82.12,0,1990
25.8,-80.28,0,1990
28.4,-80.62,1,1990
26.63,-81.85,0,1990
26.17,-81.77,0,1990
27.52,-82.53,0,1990
26.63,-81.85,0,1990
26.63,-81.85,0,1990
29.72,-81.52,0,1990
27.07,-81.35,0,1990
26.25,-80.27,0,1990
27.77,-82.67,0,1990
27.9,-81.98,0,1990
28.55,-82.38,0,1990
30.02,-82.33,0,1990
27.57,-82.58,0,1990
28.25,-82.72,0,1990
27.72,-82.4,0,1990
27.22,-82.4,1,1990
28.2,-82.72,0,1990
28.42,-82.75,0,1990
27.1,-82.45,0,1990
27.48,-82.57,0,1990
30.4,-86.87,0,1990
30.6,-87.03,0,1990
30.6,-83.35,0,1990
28.03,-81.95,0,1990
28.02,-81.72,0,1990
27.98,-82.7,0,1990
29.65,-81.9,0,1990
29.65,-82.32,0,1990
30.72,-86.12,0,1990
26.45,-82.02,0,1990
26.45,-82.02,0,1990
29.65,-82.62,0,1990
26.45,-82.02,0,1990
25.75,-80.28,0,1991
25.85,-80.27,1,1991
26.02,-80.15,1,1991
27.98,-82.47,0,1991
27.75,-82.72,0,1991
28.03,-81.95,0,1991
30.17,-85.67,0,1991
28.03,-81.95,1,1991
27.75,-81.8,0,1991
28.83,-82.33,0,1991
28.75,-82.28,0,1991
28.78,-81.87,1,1991
29.38,-81.65,1,1991
29.47,-81.28,0,1991
28.03,-82.22,0,1991
28.55,-81.1,1,1991
27.17,-80.63,0,1991
26.63,-81.85,0,1991
29.83,-81.27,0,1991
27.92,-82.8,0,1991
27.87,-82.85,1,1991
27.82,-82.52,0,1991
28.05,-82.38,1,1991
28.03,-81.95,0,1991
27.9,-81.98,0,1991
27.88,-81.83,0,1991
28.6,-80.7,0,1991
26.67,-80.17,0,1991
27.77,-82.67,0,1991
27.83,-82.72,0,1991
26.57,-81.98,0,1991
27.77,-82.67,0,1991
28.25,-82.72,0,1991
27.3,-81.85,0,1991
29.67,-81.23,0,1991
27.48,-82.57,0,1991
26.68,-80.67,0,1991
28.48,-80.67,0,1991
27.95,-81.9,0,1991
25.97,-81.73,0,1991
28.1,-82.03,0,1991
27.27,-80.32,0,1991
28.3,-82.25,0,1991
25.47,-80.47,0,1991
27.63,-82.55,1,1991
27.9,-81.58,0,1991
27.83,-82.78,0,1991
30.18,-87.5,0,1991
25.85,-80.27,0,1991
30.25,-81.37,0,1991
30.35,-81.67,0,1991
25.55,-80.43,0,1991
26.6,-81.97,0,1991
26.98,-82.33,0,1991
26.95,-82.07,0,1991
26.63,-81.85,1,1991
27.88,-82.8,2,1992
27.92,-82.75,1,1992
27.83,-82.7,3,1992
28.25,-82.23,0,1992
27.92,-82.3,1,1992
28.62,-82.53,1,1992
28.55,-82.53,1,1992
29.13,-82.25,0,1992
29.5,-82.88,0,1992
27.45,-82.25,0,1992
30.63,-87.03,0,1992
29.83,-84.87,0,1992
28.92,-82.37,0,1992
27.92,-82.3,0,1992
25.58,-80.28,0,1992
28.07,-81.7,0,1992
30.78,-85.53,0,1992
30.82,-85.08,0,1992
29.97,-85.25,1,1992
29.95,-85.23,0,1992
28.55,-81.4,1,1992
30.57,-81.57,1,1992
27.77,-82.77,0,1992
28.82,-82.5,0,1992
27.92,-82.75,0,1992
27.77,-82.67,0,1992
27.28,-82.53,0,1992
28.6,-80.8,1,1992
26.58,-81.6,0,1992
26.6,-81.97,0,1992
29.72,-81.52,0,1992
28.38,-80.6,0,1992
28.45,-80.62,0,1992
29.75,-82.2,0,1992
26.98,-82.33,0,1992
27.98,-82.83,1,1992
28.18,-81.95,1,1992
27.12,-82.45,0,1992
26.07,-80.2,0,1992
27.78,-80.47,0,1992
26.98,-82.02,0,1992
28.03,-81.95,0,1992
30.17,-85.67,0,1992
26.63,-81.95,0,1992
28.02,-82.78,2,1992
27.52,-82.58,0,1992
26.63,-81.58,0,1992
27.97,-82.8,1,1992
26.87,-82.33,0,1992
27.77,-82.7,0,1992
27.83,-82.78,0,1992
27.97,-82.8,0,1992
30.42,-87.22,0,1992
26.68,-80.05,0,1992
26.8,-82.27,0,1992
26.47,-80.05,0,1992
28.47,-82.47,0,1992
27.22,-82.47,0,1992
27.88,-82.8,0,1992
27.53,-82.25,0,1992
26.45,-82.02,0,1993
25.7,-80.55,0,1993
29.98,-84.38,0,1993
29.13,-82.55,1,1993
29.92,-85.38,0,1993
29.5,-82.88,0,1993
29.53,-82.53,0,1993
29.65,-82.62,0,1993
29.45,-82.65,1,1993
29.1,-82.63,0,1993
26.33,-81.77,1,1993
26.33,-81.77,0,1993
28.83,-82.43,0,1993
28.78,-82.62,0,1993
30.58,-87.3,0,1993
27.1,-82.45,0,1993
26.45,-82.02,0,1993
27.77,-82.67,0,1993
26.85,-81.85,0,1993
26.63,-81.85,0,1993
29.82,-85.3,1,1993
28.03,-81.95,0,1993
30.05,-82.32,0,1993
28.08,-82.58,0,1993
27.22,-81.87,0,1993
29.5,-82.88,2,1993
28.9,-82.57,1,1993
27.77,-82.77,0,1993
28.25,-82.72,0,1993
29.08,-82.23,2,1993
29.85,-82.4,1,1993
28.68,-81.77,2,1993
27.98,-82.47,0,1993
30.35,-81.67,1,1993
27.88,-81.83,0,1993
30.35,-81.67,0,1993
28.23,-82.32,1,1993
30.63,-85.58,1,1993
26.98,-82.32,0,1993
27.1,-82.45,0,1993
27.0,-82.07,0,1993
26.97,-82.1,2,1993
26.23,-81.8,0,1993
27.55,-81.82,0,1993
27.6,-81.52,0,1993
27.25,-80.83,0,1993
27.2,-80.25,0,1993
26.13,-80.13,1,1993
26.63,-81.85,0,1993
28.83,-82.15,0,1993
27.92,-82.8,1,1993
27.77,-82.67,0,1993
27.48,-82.57,0,1993
30.35,-81.67,0,1993
26.75,-81.43,0,1993
28.35,-80.72,0,1993
27.28,-82.53,0,1993
29.77,-81.25,0,1993
25.57,-80.3,0,1993
26.12,-81.35,0,1993
26.12,-81.35,0,1993
25.68,-80.52,0,1993
28.75,-82.28,0,1993
27.73,-82.75,1,1993
25.08,-80.45,0,1993
30.35,-81.67,0,1993
27.33,-82.53,0,1993
27.43,-82.68,0,1993
27.53,-82.73,0,1993
25.08,-80.45,0,1993
30.18,-81.67,0,1993
28.6,-80.8,0,1993
26.82,-80.67,0,1993
29.7,-84.95,0,1993
26.6,-81.97,0,1993
26.6,-81.97,0,1993
28.9,-82.57,0,1993
27.77,-82.67,0,1993
27.77,-82.67,1,1993
30.72,-87.03,0,1993
30.53,-87.18,0,1993
26.75,-81.18,1,1993
27.83,-80.5,0,1993
28.55,-82.45,0,1993
29.73,-84.88,0,1993
27.33,-82.53,0,1994
27.97,-80.58,0,1994
24.83,-80.83,0,1994
29.38,-82.45,0,1994
29.48,-82.3,0,1994
29.87,-84.97,0,1994
30.28,-83.63,1,1994
30.22,-83.62,0,1994
30.57,-81.82,1,1994
27.88,-80.5,2,1994
26.47,-80.07,1,1994
26.93,-80.1,0,1994
26.57,-80.03,1,1994
26.48,-80.05,0,1994
28.8,-81.03,0,1994
25.08,-80.45,0,1994
27.73,-81.53,1,1994
27.98,-81.62,0,1994
29.82,-82.43,0,1994
29.92,-82.38,0,1994
30.32,-82.2,0,1994
30.33,-81.68,0,1994
29.18,-82.13,1,1994
26.83,-82.27,0,1994
26.05,-81.52,0,1994
26.13,-80.13,0,1994
25.43,-81.0,0,1994
26.75,-80.93,0,1994
26.6,-81.97,0,1994
30.42,-87.27,0,1994
30.6,-87.15,0,1994
27.27,-80.32,0,1994
27.98,-82.47,0,1994
28.2,-81.77,0,1994
27.8,-81.98,0,1994
28.03,-81.95,0,1994
28.12,-81.62,0,1994
28.02,-81.72,0,1994
30.43,-87.2,0,1994
30.37,-86.67,0,1994
30.37,-86.67,0,1994
30.37,-86.67,0,1994
30.53,-86.5,0,1994
29.18,-81.05,1,1994
27.98,-82.47,0,1994
28.78,-82.48,0,1994
28.62,-81.33,0,1994
26.35,-80.08,0,1994
30.17,-85.67,0,1994
30.73,-85.48,0,1994
27.35,-82.12,0,1994
27.98,-82.47,0,1994
27.98,-82.57,1,1994
30.85,-86.87,0,1994
25.52,-80.28,0,1994
29.58,-81.98,0,1994
28.08,-82.78,0,1994
28.7,-82.57,0,1994
27.33,-82.53,0,1994
29.22,-82.05,0,1994
29.65,-81.63,0,1994
26.13,-81.8,0,1994
26.98,-82.33,0,1994
25.7,-80.28,0,1994
29.87,-84.97,0,1994
26.48,-82.08,0,1994
26.27,-80.22,0,1994
26.18,-80.1,0,1994
28.4,-82.53,0,1994
28.55,-82.38,0,1994
29.22,-82.05,0,1994
25.0,-80.63,0,1994
29.6,-81.25,0,1994
26.83,-81.15,0,1994
28.07,-81.78,0,1994
30.25,-81.37,0,1994
26.45,-81.95,0,1994
26.9,-80.23,0,1995
30.42,-86.6,0,1995
30.73,-86.33,0,1995
30.37,-86.67,0,1995
30.48,-86.5,0,1995
30.37,-86.67,0,1995
30.4,-86.87,0,1995
30.4,-86.87,0,1995
30.72,-87.32,0,1995
30.75,-86.6,2,1995
30.75,-85.95,1,1995
30.92,-86.12,0,1995
30.8,-85.38,0,1995
30.37,-86.67,0,1995
30.98,-86.88,0,1995
30.92,-86.7,0,1995
30.92,-86.58,0,1995
30.68,-86.15,1,1995
30.58,-85.95,1,1995
30.7,-85.53,1,1995
30.58,-85.02,0,1995
30.45,-84.67,1,1995
30.48,-84.28,1,1995
29.88,-84.6,0,1995
30.13,-84.38,0,1995
27.68,-82.32,0,1995
30.07,-82.77,1,1995
27.95,-81.78,0,1995
26.93,-82.05,0,1995
30.68,-84.68,2,1995
30.67,-84.42,1,1995
30.9,-85.63,1,1995
26.12,-80.17,0,1995
29.0,-82.12,2,1995
28.55,-81.37,1,1995
30.15,-85.23,0,1995
25.88,-81.55,0,1995
26.12,-81.78,0,1995
29.62,-82.82,0,1995
28.32,-82.23,0,1995
29.3,-82.2,0,1995
30.53,-86.5,0,1995
29.65,-81.73,2,1995
26.23,-80.12,0,1995
25.02,-80.52,0,1995
25.57,-80.28,0,1995
29.78,-82.17,0,1995
29.37,-82.2,0,1995
29.62,-82.82,0,1995
28.68,-82.35,0,1995
28.72,-82.12,0,1995
27.93,-82.28,0,1995
26.97,-82.1,0,1995
28.5,-82.5,0,1995
29.88,-81.32,0,1995
24.7,-81.08,0,1995
29.07,-81.05,0,1995
28.32,-80.6,0,1995
25.47,-80.52,0,1995
27.9,-81.62,1,1995
30.28,-81.38,0,1995
30.73,-81.53,1,1995
27.53,-80.43,0,1995
30.35,-81.67,0,1995
26.13,-80.13,0,1995
25.47,-80.47,0,1995
27.75,-82.7,1,1995
26.07,-80.22,0,1995
28.45,-82.65,0,1995
27.3,-81.37,0,1995
26.07,-80.23,0,1995
27.45,-80.33,0,1995
28.23,-82.42,0,1995
27.75,-82.2,0,1995
28.27,-82.72,0,1995
27.55,-81.5,0,1995
30.57,-81.45,0,1995
28.25,-81.23,1,1995
30.28,-81.38,0,1995
27.53,-80.43,0,1995
28.08,-80.6,0,1995
28.6,-80.8,1,1995
28.08,-80.57,0,1995
30.4,-86.67,0,1995
30.42,-87.22,0,1995
30.4,-86.67,0,1995
30.4,-86.87,0,1995
29.65,-81.6,0,1995
30.17,-85.67,0,1995
30.35,-81.72,0,1995
26.75,-81.55,0,1995
30.23,-81.62,0,1995
26.63,-82.13,0,1995
26.55,-81.23,0,1995
26.55,-81.23,0,1995
29.73,-84.98,1,1996
28.9,-81.23,0,1996
29.2,-81.0,0,1996
27.22,-81.88,0,1996
28.02,-82.57,0,1996
28.55,-82.5,0,1996
27.98,-82.12,0,1996
28.1,-82.33,0,1996
28.15,-82.05,0,1996
29.0,-82.17,0,1996
28.55,-81.75,0,1996
28.8,-81.65,0,1996
29.18,-82.12,0,1996
28.85,-81.67,0,1996
29.38,-81.65,0,1996
28.97,-80.88,2,1996
29.23,-81.47,0,1996
29.72,-81.5,0,1996
27.75,-82.47,0,1996
30.43,-87.1,2,1996
28.07,-82.75,0,1996
30.47,-86.38,2,1996
27.83,-82.3,2,1996
26.93,-81.7,0,1996
28.08,-80.6,0,1996
25.68,-80.42,1,1996
26.0,-80.23,0,1996
29.58,-82.15,0,1996
29.78,-81.65,0,1996
30.32,-81.72,2,1996
29.88,-81.28,0,1996
28.2,-81.95,0,1996
28.55,-82.42,0,1996
28.67,-82.0,0,1996
28.68,-81.8,0,1996
28.35,-80.72,1,1996
27.63,-80.53,0,1996
30.95,-85.28,1,1996
30.25,-85.92,0,1996
30.02,-85.2,0,1996
29.87,-81.38,0,1996
27.75,-81.52,0,1996
28.13,-81.07,0,1996
27.18,-80.92,0,1996
25.08,-80.45,0,1996
26.07,-80.15,1,1996
29.63,-81.62,0,1996
25.42,-80.52,0,1996
25.98,-80.15,1,1996
26.0,-80.15,0,1996
26.57,-81.93,0,1996
26.6,-81.97,0,1996
26.05,-81.67,0,1996
30.37,-86.67,0,1996
29.17,-82.38,1,1996
28.23,-80.6,0,1996
28.08,-80.58,0,1996
28.35,-80.72,0,1996
27.1,-82.42,0,1996
27.5,-82.57,0,1996
27.48,-82.57,0,1996
25.62,-80.47,0,1996
30.38,-86.37,0,1996
27.73,-82.75,0,1996
28.25,-82.72,0,1996
26.55,-81.93,0,1996
30.18,-85.8,1,1997
30.27,-85.25,1,1997
30.15,-85.18,1,1997
30.5,-84.45,1,1997
30.32,-86.13,1,1997
30.5,-85.67,1,1997
30.63,-85.72,1,1997
30.95,-85.17,1,1997
30.17,-85.67,0,1997
30.45,-85.05,1,1997
30.2,-85.62,0,1997
30.78,-85.23,0,1997
30.58,-82.95,0,1997
27.87,-82.85,1,1997
28.02,-82.83,0,1997
28.02,-82.42,0,1997
28.07,-82.23,1,1997
27.33,-82.6,0,1997
27.4,-82.57,0,1997
27.45,-82.62,0,1997
27.48,-82.42,0,1997
27.9,-82.03,1,1997
27.85,-81.98,1,1997
28.05,-82.38,0,1997
27.78,-81.8,0,1997
28.08,-80.6,0,1997
29.83,-85.32,0,1997
29.02,-80.93,3,1997
27.1,-81.95,0,1997
30.43,-81.77,0,1997
30.22,-82.58,0,1997
27.97,-81.75,0,1997
28.07,-81.67,2,1997
28.2,-81.33,1,1997
30.63,-87.0,1,1997
30.65,-86.18,1,1997
30.67,-85.83,1,1997
30.63,-85.72,1,1997
30.55,-85.35,2,1997
30.53,-85.28,1,1997
30.57,-84.78,1,1997
26.67,-80.5,0,1997
30.4,-83.1,0,1997
27.53,-82.73,0,1997
27.33,-82.53,0,1997
26.67,-80.5,1,1997
29.77,-81.25,0,1997
27.33,-82.48,0,1997
26.25,-81.77,0,1997
29.52,-82.9,0,1997
28.57,-82.48,0,1997
28.58,-82.48,0,1997
29.02,-80.93,0,1997
29.02,-80.93,0,1997
28.8,-82.57,0,1997
28.55,-82.45,0,1997
28.52,-82.43,0,1997
28.85,-82.05,0,1997
29.23,-81.47,0,1997
29.23,-81.47,0,1997
28.8,-81.72,0,1997
28.8,-81.72,0,1997
29.13,-80.98,0,1997
29.13,-80.98,0,1997
29.02,-80.93,0,1997
29.02,-80.93,0,1997
27.9,-82.63,0,1997
27.92,-82.53,0,1997
27.48,-82.72,0,1997
27.43,-82.7,0,1997
27.37,-82.52,0,1997
27.48,-82.57,0,1997
27.98,-82.47,0,1997
26.98,-82.33,0,1997
27.22,-81.87,0,1997
27.22,-81.82,0,1997
27.47,-81.58,0,1997
25.68,-80.52,1,1997
27.88,-81.77,0,1997
25.43,-81.0,1,1997
27.9,-81.58,0,1997
25.97,-80.35,0,1997
26.07,-80.17,0,1997
26.92,-81.27,0,1997
25.85,-80.12,0,1997
26.05,-80.17,0,1997
26.58,-81.87,0,1997
28.03,-81.78,0,1997
26.07,-80.22,1,1997
26.27,-80.22,0,1997
27.22,-81.83,0,1997
26.82,-81.32,0,1997
26.13,-81.8,0,1997
26.6,-81.97,0,1997
26.52,-81.85,0,1997
28.55,-81.37,0,1997
28.08,-81.8,0,1997
25.47,-80.47,0,1997
28.17,-81.37,0,1997
26.78,-80.7,0,1997
28.6,-80.87,0,1997
26.97,-82.1,0,1997
25.58,-80.33,0,1997
26.82,-80.67,0,1997
28.3,-81.4,1,1997
27.78,-82.47,0,1997
28.3,-81.4,0,1997
28.85,-80.85,0,1997
26.12,-81.78,0,1997
26.72,-81.97,0,1997
26.6,-81.97,0,1997
27.45,-81.3,0,1997
24.83,-80.83,0,1997
26.23,-80.12,0,1997
24.8,-80.8,0,1997
25.77,-80.37,0,1998
26.52,-80.03,0,1998
24.92,-80.63,1,1998
25.07,-80.47,0,1998
25.08,-80.45,2,1998
25.87,-80.35,1,1998
25.9,-81.38,0,1998
26.92,-82.32,0,1998
27.0,-82.07,0,1998
28.07,-82.47,0,1998
27.57,-81.52,0,1998
30.38,-86.52,0,1998
25.77,-80.2,0,1998
26.45,-82.13,0,1998
28.92,-82.58,0,1998
28.48,-82.42,0,1998
27.85,-81.53,0,1998
29.2,-81.47,0,1998
28.8,-81.27,0,1998
30.52,-82.83,0,1998
27.17,-82.45,1,1998
27.35,-82.28,1,1998
27.75,-81.7,1,1998
27.9,-81.58,1,1998
28.08,-80.57,1,1998
28.48,-80.55,0,1998
27.58,-82.52,0,1998
29.62,-81.82,0,1998
28.08,-80.57,1,1998
28.8,-82.07,0,1998
29.17,-81.1,2,1998
28.48,-81.72,3,1998
28.7,-81.35,3,1998
28.23,-81.48,3,1998
28.85,-80.93,2,1998
28.55,-80.77,1,1998
28.42,-80.53,1,1998
26.27,-80.22,0,1998
26.32,-80.1,1,1998
24.7,-81.08,1,1998
24.92,-80.63,0,1998
28.33,-82.27,0,1998
25.8,-80.28,2,1998
26.97,-81.13,1,1998
27.3,-80.33,0,1998
25.92,-81.65,1,1998
25.97,-81.73,0,1998
26.47,-80.07,1,1998
27.35,-82.17,1,1998
27.5,-81.78,0,1998
27.63,-81.98,0,1998
27.35,-82.5,1,1998
29.82,-85.3,0,1998
29.92,-85.38,0,1998
27.48,-81.65,1,1998
27.83,-81.5,2,1998
28.3,-81.4,0,1998
26.13,-81.8,1,1998
27.23,-80.85,1,1998
27.47,-80.33,1,1998
25.98,-80.15,1,1998
25.92,-80.28,1,1998
25.53,-80.5,0,1998
26.63,-80.12,0,1998
25.8,-80.12,0,1998
26.93,-81.32,0,1998
24.55,-81.77,0,1998
30.93,-86.07,0,1998
30.9,-86.22,0,1998
26.83,-81.08,0,1998
26.95,-82.3,0,1998
30.7,-84.92,0,1998
27.83,-82.73,0,1998
26.07,-80.22,1,1998
29.13,-80.98,0,1998
26.13,-81.8,0,1998
26.13,-81.8,0,1998
28.42,-80.53,0,1998
26.68,-80.35,0,1998
25.77,-80.27,0,1998
25.77,-80.27,0,1998
26.75,-80.93,0,1998
28.02,-82.12,0,1998
26.12,-81.78,0,1998
25.67,-80.22,0,1998
25.92,-80.3,0,1998
27.98,-81.72,0,1998
28.1,-82.03,0,1998
27.82,-80.47,1,1998
28.12,-82.62,0,1998
28.37,-82.7,0,1998
26.93,-82.0,0,1998
27.18,-81.85,0,1998
30.43,-86.58,1,1998
30.72,-86.12,0,1998
30.2,-85.65,1,1998
30.37,-86.67,0,1998
30.28,-85.87,1,1998
30.38,-83.43,0,1998
30.3,-83.1,2,1998
29.75,-82.98,0,1998
28.23,-82.53,0,1998
28.5,-82.38,1,1998
28.82,-82.65,0,1998
28.63,-82.28,0,1998
28.42,-80.53,1,1998
29.73,-84.88,1,1998
28.97,-82.5,2,1998
25.87,-80.2,0,1998
26.08,-80.2,0,1999
24.58,-81.68,0,1999
24.83,-80.77,1,1999
26.13,-80.13,1,1999
26.47,-80.07,1,1999
30.55,-82.87,0,1999
26.75,-81.43,0,1999
26.77,-80.05,1,1999
30.72,-86.87,0,1999
30.18,-85.8,2,1999
30.1,-85.22,0,1999
28.6,-82.32,0,1999
27.33,-82.57,0,1999
29.7,-81.7,0,1999
27.88,-82.37,1,1999
27.98,-82.12,1,1999
27.45,-81.27,0,1999
27.05,-82.3,0,1999
26.35,-80.08,0,1999
26.35,-80.08,0,1999
30.47,-87.18,0,1999
30.45,-86.9,0,1999
26.88,-82.32,0,1999
26.68,-80.15,0,1999
30.45,-86.9,1,1999
30.92,-86.65,0,1999
25.52,-80.43,0,1999
27.35,-82.25,0,1999
28.6,-80.8,0,1999
28.02,-82.43,1,1999
28.0,-82.0,0,1999
28.02,-81.97,1,1999
30.78,-86.12,1,1999
28.55,-81.75,0,1999
28.52,-82.4,0,1999
28.03,-80.58,0,1999
24.55,-81.77,0,1999
24.55,-81.77,0,1999
28.17,-82.73,0,1999
26.23,-80.12,0,1999
27.75,-81.8,0,1999
27.4,-81.57,0,1999
27.68,-82.4,0,1999
27.9,-82.78,0,1999
26.18,-81.67,0,1999
26.47,-81.65,0,1999
30.4,-87.15,0,1999
26.18,-80.15,0,1999
27.48,-82.48,0,1999
27.53,-82.58,0,1999
27.52,-82.53,0,1999
27.33,-82.42,0,1999
26.68,-80.37,0,1999
26.68,-80.37,0,1999
25.7,-80.33,0,1999
26.35,-80.08,0,1999
25.77,-80.27,0,1999
26.13,-81.8,1,1999
26.35,-80.08,0,1999
25.07,-80.47,0,1999
25.85,-80.27,1,2000
25.58,-80.37,0,2000
25.53,-80.5,0,2000
25.68,-80.32,0,2000
26.63,-80.12,0,2000
30.52,-86.05,0,2000
30.77,-85.67,2,2000
30.92,-85.52,1,2000
26.43,-81.63,1,2000
30.47,-85.62,1,2000
30.5,-85.53,1,2000
25.67,-80.22,0,2000
30.73,-85.02,1,2000
30.52,-84.52,0,2000
29.82,-85.3,0,2000
26.73,-82.27,0,2000
26.7,-80.65,0,2000
30.58,-81.47,0,2000
30.27,-83.0,0,2000
29.9,-82.1,0,2000
26.88,-80.6,0,2000
26.1,-80.2,0,2000
26.52,-80.03,0,2000
26.52,-80.03,0,2000
26.0,-80.5,0,2000
30.58,-87.3,1,2000
25.47,-80.63,0,2000
26.8,-80.13,0,2000
26.5,-82.07,0,2000
26.68,-80.67,0,2000
27.28,-82.1,0,2000
25.85,-80.27,0,2000
30.0,-84.45,0,2000
29.83,-84.68,0,2000
28.05,-82.6,0,2000
27.9,-81.98,0,2000
26.13,-80.13,0,2000
26.72,-82.27,0,2000
26.68,-80.67,0,2000
25.77,-80.68,0,2000
26.07,-80.25,0,2000
27.93,-82.28,0,2000
26.98,-82.22,0,2000
28.32,-82.58,0,2000
29.25,-82.73,0,2000
30.32,-83.17,0,2000
28.45,-82.45,0,2000
28.42,-82.37,0,2000
28.03,-81.95,0,2000
29.77,-84.6,0,2000
24.68,-81.38,0,2000
28.1,-82.78,0,2000
26.7,-82.15,0,2000
24.68,-81.38,0,2000
30.8,-86.7,0,2000
26.77,-82.25,0,2000
27.37,-82.55,0,2000
26.33,-80.98,0,2000
26.35,-80.08,0,2000
26.17,-80.25,1,2000
26.52,-80.03,0,2000
26.45,-81.98,1,2000
26.45,-82.02,1,2000
26.9,-82.1,0,2000
27.3,-81.37,0,2000
25.98,-80.15,0,2000
29.07,-80.93,0,2000
29.88,-84.4,0,2000
29.8,-84.88,1,2000
30.1,-84.48,0,2000
30.25,-84.32,1,2000
30.42,-83.97,0,2000
30.32,-84.02,0,2000
30.5,-83.68,0,2000
30.25,-81.55,0,2000
30.25,-81.77,0,2000
27.45,-82.62,0,2000
30.63,-87.03,1,2001
30.42,-87.22,0,2001
30.7,-86.07,1,2001
30.63,-85.48,1,2001
29.67,-84.92,1,2001
28.32,-80.72,0,2001
25.67,-80.22,0,2001
26.7,-80.67,1,2001
30.35,-83.03,2,2001
30.63,-81.52,0,2001
29.22,-81.03,1,2001
30.6,-85.55,2,2001
30.63,-85.42,2,2001
30.27,-85.25,2,2001
28.95,-82.57,0,2001
28.88,-82.38,0,2001
28.98,-82.37,2,2001
28.33,-82.23,0,2001
29.87,-81.75,2,2001
29.73,-81.97,0,2001
29.17,-82.27,0,2001
29.23,-82.07,0,2001
28.35,-82.7,0,2001
30.28,-81.73,0,2001
30.0,-82.53,0,2001
30.48,-83.65,1,2001
28.05,-82.32,0,2001
26.13,-81.8,0,2001
30.15,-83.25,0,2001
27.03,-82.13,0,2001
27.15,-82.43,0,2001
28.25,-82.37,0,2001
26.05,-80.17,1,2001
28.48,-80.57,0,2001
27.82,-80.47,1,2001
26.95,-82.05,0,2001
28.3,-80.9,0,2001
29.08,-81.88,0,2001
26.95,-81.98,0,2001
27.67,-82.72,0,2001
30.42,-86.72,0,2001
26.93,-82.05,0,2001
28.73,-82.35,0,2001
27.52,-82.58,1,2001
26.68,-81.43,1,2001
25.85,-80.27,0,2001
26.6,-80.67,0,2001
26.52,-80.03,1,2001
27.45,-80.47,0,2001
29.85,-84.67,0,2001
30.68,-81.45,0,2001
26.62,-82.07,0,2001
26.63,-82.07,0,2001
26.88,-82.03,0,2001
27.27,-82.07,0,2001
27.82,-80.42,0,2001
28.08,-80.6,0,2001
28.23,-80.6,1,2001
28.35,-80.73,1,2001
29.28,-81.32,0,2001
29.55,-81.22,0,2001
29.68,-81.22,0,2001
29.7,-81.22,0,2001
29.02,-80.93,0,2001
29.43,-81.52,0,2001
29.77,-81.25,0,2001
29.47,-81.32,0,2001
29.47,-81.13,0,2001
26.52,-80.08,0,2001
26.07,-80.23,0,2001
30.38,-86.52,0,2002
29.0,-82.73,1,2002
29.67,-84.82,0,2002
30.97,-87.43,0,2002
30.6,-87.03,0,2002
30.73,-85.93,0,2002
27.75,-80.43,1,2002
30.85,-86.87,0,2002
30.42,-86.72,1,2002
27.28,-82.53,0,2002
25.47,-80.63,1,2002
27.47,-81.78,0,2002
27.45,-80.45,0,2002
28.12,-81.5,0,2002
25.85,-80.27,0,2002
26.93,-81.08,0,2002
26.9,-82.0,0,2002
26.92,-82.15,0,2002
27.48,-82.72,0,2002
29.0,-82.18,0,2002
30.47,-87.18,0,2002
28.02,-82.57,0,2002
28.08,-82.78,0,2002
27.73,-82.73,0,2002
27.77,-82.77,0,2002
27.92,-82.8,0,2002
26.95,-82.07,0,2002
29.72,-81.52,0,2002
29.78,-82.5,0,2002
27.97,-81.88,0,2002
27.45,-80.33,1,2002
26.83,-81.07,1,2002
27.4,-82.47,0,2002
26.58,-81.6,0,2002
27.95,-81.97,0,2002
26.02,-80.15,0,2002
25.98,-80.15,0,2002
30.42,-86.72,0,2002
30.37,-86.23,1,2002
30.38,-86.37,1,2002
30.95,-85.52,0,2002
30.97,-85.58,0,2002
30.43,-86.58,0,2002
30.07,-83.58,1,2003
25.8,-81.05,0,2003
25.93,-80.27,0,2003
24.55,-81.77,0,2003
29.28,-82.33,0,2003
30.07,-85.58,1,2003
30.63,-85.72,0,2003
29.82,-85.3,0,2003
27.38,-82.55,0,2003
30.7,-85.05,2,2003
26.18,-81.77,1,2003
26.32,-81.75,0,2003
25.9,-81.3,0,2003
26.72,-81.37,1,2003
26.68,-80.67,0,2003
25.77,-80.57,0,2003
25.92,-80.18,1,2003
25.77,-80.2,2,2003
26.6,-80.72,1,2003
30.82,-86.55,0,2003
30.8,-86.42,0,2003
30.85,-86.28,0,2003
29.65,-85.33,0,2003
29.83,-82.6,0,2003
30.35,-82.98,0,2003
29.68,-82.35,0,2003
27.6,-81.68,0,2003
27.88,-82.0,0,2003
27.53,-82.58,0,2003
26.23,-80.12,0,2003
29.25,-82.3,0,2003
28.37,-82.18,0,2003
26.95,-82.07,0,2003
25.8,-80.12,0,2003
26.18,-80.98,0,2003
28.02,-82.27,1,2003
25.8,-80.12,0,2003
30.43,-84.57,0,2003
26.68,-80.05,0,2003
26.82,-80.67,0,2003
28.35,-80.73,0,2003
26.93,-80.1,0,2003
26.8,-80.07,1,2003
25.68,-80.32,0,2003
28.42,-80.53,1,2004
30.63,-83.57,1,2004
30.63,-87.03,1,2004
30.45,-86.13,1,2004
30.58,-85.93,0,2004
30.18,-85.8,0,2004
30.38,-86.52,0,2004
28.05,-81.82,0,2004
27.0,-80.2,0,2004
27.07,-80.15,0,2004
26.17,-81.67,1,2004
26.97,-82.33,0,2004
30.77,-85.85,0,2004
26.75,-81.43,0,2004
30.18,-85.8,0,2004
27.6,-81.97,1,2004
26.65,-81.92,0,2004
26.7,-82.13,0,2004
27.47,-82.57,0,2004
26.23,-81.8,0,2004
29.1,-82.53,1,2004
26.68,-80.05,0,2004
27.27,-80.32,0,2004
29.92,-82.42,1,2004
30.05,-82.08,1,2004
30.47,-81.8,2,2004
26.35,-80.08,0,2004
26.45,-82.02,0,2004
26.15,-80.93,2,2004
27.4,-81.67,0,2004
27.9,-81.58,0,2004
28.17,-81.6,0,2004
27.3,-81.85,0,2004
26.58,-81.98,0,2004
26.5,-82.18,1,2004
27.0,-82.07,1,2004
28.17,-81.1,0,2004
29.2,-81.02,1,2004
29.2,-81.0,0,2004
28.3,-81.23,1,2004
28.25,-81.22,1,2004
28.6,-82.33,0,2004
28.28,-82.68,0,2004
29.57,-82.88,0,2004
26.8,-80.13,0,2004
27.73,-82.75,0,2004
28.08,-80.57,0,2004
27.5,-80.38,0,2004
29.22,-81.03,0,2004
30.3,-87.48,0,2004
30.33,-87.0,0,2004
29.92,-85.38,0,2004
30.1,-85.75,1,2004
29.98,-85.4,1,2004
30.13,-85.17,1,2004
30.33,-85.4,0,2004
30.65,-85.48,0,2004
30.85,-85.6,1,2004
29.9,-84.73,0,2004
30.05,-84.85,1,2004
29.05,-82.47,1,2004
30.5,-85.05,2,2004
29.38,-82.45,0,2004
29.45,-82.65,0,2004
30.72,-85.17,2,2004
30.52,-83.97,0,2004
29.68,-83.4,0,2004
26.12,-81.78,1,2004
26.12,-81.78,0,2004
26.6,-81.98,0,2004
26.58,-82.22,0,2004
27.63,-80.43,1,2004
29.47,-81.13,0,2004
27.9,-80.5,1,2004
27.9,-80.5,1,2004
29.33,-81.32,0,2004
29.77,-81.38,0,2004
30.1,-81.63,0,2004
30.18,-81.38,0,2004
29.9,-81.48,0,2004
28.25,-81.23,0,2004
28.12,-81.98,0,2004
30.1,-81.55,0,2004
29.42,-82.12,0,2004
30.17,-81.7,0,2004
29.55,-81.22,0,2004
29.65,-81.37,0,2004
30.23,-82.82,0,2004
29.43,-81.52,0,2004
29.65,-81.7,0,2004
29.83,-82.6,0,2004
30.08,-81.45,0,2004
27.85,-81.87,0,2004
26.93,-80.1,0,2004
30.0,-81.68,1,2004
30.1,-81.63,0,2004
30.1,-81.63,0,2004
28.4,-82.68,0,2004
29.07,-81.97,0,2004
29.62,-81.9,0,2004
30.08,-81.45,0,2004
30.33,-81.6,0,2004
29.88,-81.35,0,2004
30.3,-81.4,0,2004
27.48,-81.8,0,2005
27.9,-81.98,0,2005
28.33,-80.72,0,2005
25.92,-81.3,1,2005
27.4,-81.45,0,2005
28.03,-80.57,2,2005
28.03,-80.58,0,2005
28.08,-80.58,1,2005
30.23,-85.68,0,2005
30.18,-84.38,1,2005
30.3,-84.23,0,2005
28.03,-80.58,1,2005
29.93,-85.35,0,2005
30.12,-85.2,0,2005
30.0,-83.07,0,2005
27.93,-81.98,1,2005
30.83,-85.7,1,2005
29.17,-82.22,1,2005
27.27,-80.32,0,2005
28.2,-82.48,1,2005
27.38,-81.03,0,2005
30.4,-86.87,0,2005
26.47,-80.18,0,2005
29.65,-81.63,0,2005
24.7,-81.08,0,2005
27.88,-82.77,0,2005
27.98,-81.88,0,2005
30.33,-82.98,0,2005
26.67,-80.32,0,2005
26.93,-82.07,0,2005
27.9,-82.8,0,2005
30.62,-87.33,0,2005
30.97,-87.43,0,2005
30.97,-86.47,0,2005
27.53,-81.82,0,2005
27.53,-82.43,1,2005
27.92,-82.27,0,2005
27.85,-82.53,0,2005
27.82,-82.68,0,2005
27.97,-82.32,0,2005
28.9,-82.48,0,2005
30.25,-82.9,0,2005
27.8,-81.57,0,2005
24.7,-81.08,2,2005
30.48,-86.5,0,2005
30.85,-86.93,0,2005
30.97,-87.27,0,2005
30.72,-86.77,0,2005
30.85,-86.87,0,2005
29.52,-82.27,0,2005
25.8,-80.12,0,2005
25.77,-80.2,0,2005
30.63,-87.03,0,2005
30.6,-87.15,0,2005
30.6,-87.02,0,2005
26.05,-81.67,0,2005
30.28,-85.54,0,2006
30.27,-85.93,0,2006
29.71,-85.0,1,2006
28.67,-81.5,0,2006
25.95,-80.12,0,2006
28.55,-81.37,0,2006
28.62,-81.25,1,2006
30.11,-82.43,2,2006
28.31,-82.33,2,2006
28.8,-81.87,0,2006
29.03,-81.3,2,2006
29.18,-81.05,2,2006
30.8,-86.7,0,2006
30.85,-87.02,1,2006
30.02,-84.98,0,2006
26.18,-80.28,0,2006
30.22,-84.37,0,2006
27.95,-81.77,0,2006
27.58,-81.78,0,2006
27.2,-81.87,0,2006
27.27,-81.87,0,2006
28.67,-81.5,0,2006
30.28,-81.42,0,2006
30.42,-81.43,0,2006
26.63,-80.72,0,2006
26.98,-82.12,2,2006
26.97,-82.05,0,2006
27.98,-82.0,0,2006
27.28,-82.08,0,2006
28.2,-82.45,0,2006
29.43,-81.52,1,2006
28.98,-81.43,0,2006
27.1,-82.45,0,2006
27.35,-80.72,0,2006
26.32,-80.1,0,2006
27.2,-80.25,0,2006
29.9,-82.1,0,2006
28.12,-80.9,0,2006
28.12,-81.08,0,2006
29.92,-82.42,1,2006
27.72,-81.52,0,2006
30.4,-81.45,0,2006
30.4,-87.24,1,2007
29.73,-82.41,1,2007
28.31,-82.51,1,2007
26.24,-81.82,0,2007
30.41,-84.8,1,2007
26.2,-80.22,0,2007
28.88,-82.05,3,2007
28.96,-81.59,3,2007
29.06,-80.99,1,2007
27.73,-81.53,0,2007
29.47,-81.21,0,2007
30.77,-86.94,0,2007
30.53,-83.84,0,2007
30.58,-83.43,1,2007
30.29,-82.82,0,2007
30.53,-81.8,0,2007
26.52,-80.08,0,2007
30.53,-82.25,2,2007
29.72,-81.24,1,2007
28.01,-81.65,0,2007
27.33,-82.42,0,2007
26.11,-80.55,0,2007
29.71,-81.23,0,2007
30.22,-81.67,0,2007
25.68,-80.26,0,2007
25.8,-80.12,0,2007
29.1,-82.01,0,2007
24.7,-81.09,0,2007
24.66,-81.52,0,2007
25.57,-80.35,1,2007
26.72,-81.45,0,2007
30.38,-81.42,0,2007
28.61,-82.04,0,2007
26.58,-81.95,0,2007
25.68,-80.55,0,2007
29.47,-81.13,0,2007
27.27,-80.39,0,2007
29.13,-83.05,0,2007
27.0,-81.91,0,2007
28.63,-81.7,0,2007
28.44,-82.45,0,2007
26.71,-80.25,0,2007
29.14,-81.99,0,2007
27.01,-82.05,0,2007
26.45,-81.95,0,2007
26.55,-81.98,1,2007
28.84,-81.68,1,2007
30.05,-83.25,1,2007
26.0,-81.4,0,2007
30.14,-85.74,0,2008
30.44,-84.03,1,2008
28.33,-81.59,0,2008
28.0,-80.64,0,2008
30.18,-81.67,0,2008
28.35,-80.61,0,2008
25.85,-81.39,0,2008
26.09,-80.19,0,2008
24.7,-81.09,0,2008
30.7,-87.36,1,2008
30.79,-87.24,1,2008
30.61,-84.75,1,2008
29.79,-82.17,0,2008
30.24,-82.2,0,2008
30.45,-84.09,1,2008
29.83,-83.6,2,2008
30.18,-82.83,0,2008
30.19,-82.65,2,2008
30.42,-82.23,0,2008
30.59,-82.01,0,2008
29.85,-83.62,0,2008
30.33,-83.03,0,2008
25.85,-80.12,0,2008
26.46,-80.06,0,2008
26.58,-81.98,0,2008
26.68,-81.86,1,2008
27.44,-81.33,0,2008
28.83,-81.78,0,2008
28.83,-81.78,0,2008
25.84,-80.28,1,2008
24.71,-81.37,0,2008
24.66,-81.47,0,2008
25.98,-80.13,0,2008
26.62,-80.23,2,2008
27.15,-80.22,0,2008
27.39,-80.37,0,2008
27.88,-80.51,0,2008
29.88,-81.43,0,2008
30.26,-81.44,0,2008
29.85,-81.6,0,2008
30.04,-81.71,0,2008
27.94,-81.42,0,2008
29.66,-81.66,0,2008
30.41,-83.93,0,2008
30.88,-85.36,0,2008
25.78,-80.82,0,2008
24.85,-80.73,1,2008
24.62,-81.59,0,2008
24.57,-81.79,0,2008
30.35,-87.15,0,2008
30.43,-86.58,0,2008
30.48,-86.53,0,2008
30.4,-86.87,0,2008
30.35,-87.32,0,2008
30.35,-87.32,0,2008
25.17,-80.38,0,2008
25.46,-80.4,0,2009
24.5534,-81.7491,0,2009
27.54,-81.92,0,2009
25.1438,-80.3995,0,2009
30.72,-86.56,0,2009
30.54,-84.32,0,2009
30.732,-86.338,0,2009
30.651,-85.3916,0,2009
26.835,-80.11,0,2009
26.7274,-80.0672,0,2009
30.2942,-83.3,1,2009
30.3769,-83.1799,1,2009
29.7618,-81.2519,0,2009
28.1724,-82.7099,1,2009
28.2339,-82.2924,0,2009
28.4651,-80.7669,0,2009
28.69,-81.06,0,2009
30.6316,-84.8973,0,2009
28.0689,-81.9069,0,2009
28.0169,-82.36,0,2009
28.6724,-81.3084,0,2009
27.9689,-82.7803,0,2009
26.9725,-81.1295,0,2009
28.7874,-82.2969,0,2009
29.7203,-84.7545,0,2009
27.3394,-82.3286,1,2009
30.21,-81.66,0,2009
28.0616,-82.512,0,2009
30.4374,-84.2142,0,2009
27.6615,-80.5895,0,2009
28.4239,-81.4171,0,2009
29.2883,-81.0376,0,2009
29.1463,-81.0265,0,2009
27.9733,-82.6046,0,2009
27.8908,-82.3306,0,2009
28.1001,-81.7773,0,2009
26.6847,-81.9831,0,2009
30.5363,-82.0404,0,2010
30.56,-81.83,0,2010
29.9914,-82.1998,1,2010
28.2537,-80.7246,0,2010
28.7309,-82.5822,0,2010
28.08,-81.78,0,2010
28.069,-81.559,1,2010
28.119,-80.7135,0,2010
26.1716,-80.1662,0,2010
26.6861,-80.6596,0,2010
25.1416,-80.4019,0,2010
30.5131,-84.6022,0,2010
27.65,-80.5623,0,2010
29.7495,-81.5563,0,2010
28.971,-80.891,0,2010
29.0094,-81.0045,0,2010
25.0898,-80.4307,0,2010
29.0009,-80.8838,0,2010
26.332,-80.1537,0,2010
30.0864,-81.6914,1,2011
26.9813,-81.086,0,2011
27.1045,-80.9425,0,2011
27.0512,-80.482,0,2011
27.5606,-80.3659,0,2011
26.1228,-80.3292,2,2011
27.105,-80.1599,0,2011
27.1087,-80.1502,0,2011
28.49,-80.865,0,2011
28.873,-82.032,0,2011
27.4602,-82.1379,0,2011
27.41,-81.7,0,2011
27.46,-81.89,0,2011
26.7159,-81.5996,0,2011
27.4391,-81.3698,0,2011
26.3459,-80.1321,0,2011
25.7508,-80.2048,0,2011
28.7367,-82.0988,1,2011
28.0953,-82.6325,0,2011
28.14,-82.508,0,2011
28.198,-82.05,0,2011
27.8716,-82.8509,1,2011
27.8983,-82.6935,1,2011
27.8766,-82.5025,1,2011
27.9013,-82.4126,1,2011
27.9858,-82.0226,1,2011
27.9086,-81.9827,0,2011
30.8693,-87.3268,0,2011
30.6218,-87.1148,0,2011
27.3068,-80.4201,0,2011
30.83,-85.18,1,2011
28.2088,-82.1615,0,2011
26.2,-80.25,1,2011
28.87,-81.71,0,2011
28.569,-81.2689,0,2011
30.2959,-87.4295,1,2011
30.7229,-86.558,0,2011
30.4209,-85.6946,0,2011
30.79,-85.03,0,2011
28.6255,-81.6247,0,2012
28.9112,-80.8675,1,2012
28.9386,-80.832,0,2012
30.1158,-83.5814,0,2012
26.998,-82.028,1,2012
29.75,-82.56,0,2012
30.2967,-85.7547,0,2012
30.4738,-84.6159,0,2012
29.7168,-84.7454,0,2012
26.168,-81.8121,0,2012
30.3535,-87.406,0,2012
27.287,-80.3072,0,2012
29.0348,-82.7569,0,2012
27.334,-80.443,0,2012
26.11,-81.747,0,2012
26.274,-81.789,0,2012
27.4,-81.78,0,2012
26.84,-81.52,0,2012
25.762,-81.641,0,2012
26.162,-81.542,0,2012
27.04,-81.36,0,2012
26.634,-80.0645,0,2012
26.37,-81.55,0,2012
26.697,-80.068,0,2012
25.966,-80.118,0,2012
26.92,-81.34,0,2012
27.27,-81.44,1,2012
27.8783,-82.8437,1,2012
28.1506,-82.3747,0,2012
28.2372,-82.715,1,2012
27.96,-81.68,0,2012
27.95,-81.68,2,2012
27.7,-82.74,1,2012
28.4849,-81.6609,0,2012
27.6694,-80.8961,0,2012
28.7,-82.47,1,2012
28.1035,-80.876,0,2012
28.5314,-80.8614,0,2012
27.2714,-81.023,0,2012
27.2902,-80.7899,0,2012
26.8397,-81.1282,0,2012
27.5215,-80.3856,0,2012
30.23,-84.4,1,2012
28.2707,-81.2232,0,2012
27.6256,-80.4956,0,2012
27.9397,-82.434,0,2012
30.8762,-85.1543,0,2012
30.9929,-85.5149,0,2012
27.8309,-82.5168,0,2013
30.0866,-85.1899,1,2013
30.175,-85.1177,0,2013
29.52,-81.31,1,2013
26.513,-80.0771,0,2013
29.6831,-84.8796,0,2013
27.9373,-82.4552,0,2013
29.7484,-84.8935,0,2013
28.3771,-80.7388,0,2013
28.273,-80.7507,0,2013
26.5811,-80.0376,0,2013
24.6352,-81.3474,0,2013
26.3754,-80.0834,0,2013
29.79,-81.43,0,2013
27.8671,-82.6141,0,2013
27.719,-82.7337,0,2013
26.6734,-80.6706,0,2013
26.78,-80.247,1,2013
26.2184,-80.4419,0,2013
27.736,-82.71,0,2013
27.027,-82.414,0,2013
26.752,-81.764,0,2013
27.334,-82.158,0,2013
27.705,-82.345,0,2013
30.39,-81.4,1,2013
30.3774,-82.7819,0,2013
27.4229,-82.4158,0,2013
26.2358,-80.0883,0,2013
29.8,-81.55,0,2013
30.3871,-86.9909,0,2013
26.0874,-80.1748,0,2013
30.42,-83.18,0,2013
28.0209,-82.6655,0,2013
30.4659,-86.4311,0,2013
27.523,-82.595,0,2013
30.3513,-81.5124,1,2013
26.399,-80.0774,0,2013
30.287,-85.1792,0,2014
29.89,-84.91,0,2014
30.01,-84.91,0,2014
30.02,-84.98,0,2014
30.14,-84.91,0,2014
30.78,-85.36,0,2014
30.3,-85.92,0,2014
30.4025,-85.0746,2,2014
30.699,-85.0191,0,2014
30.1447,-82.2818,0,2014
28.3892,-81.1332,0,2014
27.865,-82.85,0,2014
27.982,-82.604,0,2014
26.5793,-80.713,0,2014
30.8785,-85.5282,1,2014
30.8788,-85.3641,1,2014
30.3879,-84.1433,0,2014
30.1615,-82.7894,1,2014
25.7858,-80.3288,0,2014
26.73,-81.16,0,2014
27.8175,-82.2657,0,2014
26.5491,-82.0206,0,2014
27.2367,-80.757,0,2014
28.4592,-80.992,0,2014
28.9807,-80.9281,1,2014
28.6506,-80.8433,0,2014
27.52,-80.3563,0,2014
26.42,-80.27,0,2014
27.5904,-82.6278,0,2015
30.63,-86.35,0,2015
30.8231,-86.2279,0,2015
30.614,-84.6823,0,2015
30.5651,-85.5547,1,2015
30.7626,-87.2375,1,2015
26.989,-82.2878,0,2015
27.0079,-82.2554,0,2015
26.3839,-80.153,1,2015
26.3874,-80.1434,0,2015
30.48,-86.03,0,2015
30.49,-85.95,0,2015
30.98,-85.41,1,2015
30.4981,-84.3136,1,2015
30.1247,-83.1807,1,2015
29.0609,-82.2713,1,2015
26.7453,-80.6987,0,2015
30.291,-81.6565,1,2015
26.1122,-80.1041,0,2015
29.78,-81.43,0,2015
26.9663,-80.0892,0,2015
26.9177,-81.9729,0,2015
28.55,-81.75,0,2015
26.8025,-80.6913,0,2015
26.6475,-80.1788,0,2015
26.7838,-80.146,0,2015
29.6922,-85.2891,0,2015
29.98,-82.16,0,2015
26.069,-80.321,0,2015
26.25,-81.823,0,2015
30.4105,-86.6812,0,2016
26.5503,-81.9126,1,2016
27.253,-82.5396,2,2016
27.538,-82.219,2,2016
27.0873,-80.1497,1,2016
30.8969,-86.1972,0,2016
30.3563,-85.3032,0,2016
26.2349,-80.1809,1,2016
26.4568,-80.1025,0,2016
24.7315,-81.0139,0,2016
26.57,-82.037,2,2016
30.8707,-87.381,3,2016
26.8173,-81.1064,1,2016
26.22,-81.18,0,2016
26.0747,-80.3628,0,2016
26.242,-80.1349,1,2016
26.11,-80.13,0,2016
25.9553,-80.2159,1,2016
30.4907,-87.2052,3,2016
30.5333,-87.1318,1,2016
27.54,-82.2,1,2016
27.65,-82.06,0,2016
27.0071,-82.1425,0,2016
26.9991,-82.0391,1,2016
26.1145,-80.1047,0,2016
28.2994,-82.67,0,2016
27.9977,-82.8285,0,2016
27.9723,-82.7178,0,2016
27.5689,-80.4017,1,2016
27.5578,-80.4076,1,2016
27.4876,-80.3791,0,2016
29.6487,-82.3552,0,2016
27.852,-81.576,0,2016
30.2727,-81.8317,1,2016
27.6,-82.12,0,2016
28.9653,-82.1881,0,2016
28.323,-81.2455,0,2016
26.66,-81.8043,0,2016
30.5912,-81.5723,1,2016
27.863,-80.549,0,2016
29.71,-83.47,0,2016
29.91,-83.56,0,2016
28.4542,-81.6281,0,2016
28.8611,-81.9128,0,2016
29.87,-83.42,0,2016
26.14,-80.46,0,2017
25.7333,-80.3439,0,2017
26.5436,-80.1096,0,2017
26.6451,-80.0716,0,2017
26.42,-81.53,0,2017
29.8217,-84.9188,1,2017
26.7896,-80.3272,1,2017
26.8596,-80.1432,1,2017
25.8162,-80.3258,1,2017
30.2745,-83.0506,0,2017
30.046,-82.0734,1,2017
29.96,-81.53,1,2017
27.0021,-81.969,1,2017
26.9339,-82.367,1,2017
26.1277,-80.2978,0,2017
27.522,-80.5496,0,2017
27.5739,-80.8352,2,2017
26.5,-82.089,0,2017
26.501,-81.998,0,2017
29.6963,-81.2297,0,2017
26.74,-80.61,0,2017
28.2772,-81.4182,0,2017
29.6393,-84.9077,0,2017
30.4122,-86.592,0,2017
26.0319,-80.3133,0,2017
29.7373,-81.312,1,2017
30.4055,-81.4039,0,2017
27.51,-82.66,0,2017
28.3917,-81.3403,0,2017
28.3171,-81.3636,0,2017
24.5688,-81.7339,0,2017
27.715,-80.6857,0,2017
28.3162,-80.7468,0,2017
27.4769,-82.554,0,2017
26.0139,-80.4065,1,2017
27.565,-81.8147,1,2017
28.0701,-80.5584,0,2017
28.0317,-80.5755,1,2017
28.1529,-81.8798,2,2017
28.0943,-80.5665,1,2017
29.9,-81.31,1,2017
28.6864,-80.8366,2,2017
28.6894,-80.8551,1,2017
28.9394,-81.6238,1,2017
29.93,-81.3,1,2017
29.2901,-81.0574,1,2017
28.2302,-80.5997,1,2017
28.2791,-80.6899,1,2017
28.4171,-80.6767,1,2017
29.6455,-81.21,0,2017
29.72,-81.23,2,2017
30.61,-81.57,0,2017
30.69,-81.46,0,2017
25.9878,-80.3756,1,2017
25.9022,-81.3274,1,2017
26.1383,-80.1039,0,2017
25.44,-80.39,0,2017
29.84,-82.05,0,2018
27.31,-82.5767,0,2018
30.3984,-86.9991,0,2018
27.8327,-82.7898,1,2018
28.2065,-82.6534,1,2018
28.4683,-82.566,1,2018
28.333,-82.47,1,2018
28.2087,-82.4553,1,2018
30.6831,-86.5678,0,2018
27.4608,-82.2276,0,2018
27.7532,-81.7702,0,2018
27.8287,-81.6011,0,2018
27.007,-82.1342,0,2018
30.4085,-85.7476,0,2018
30.6087,-83.485,1,2018
28.2555,-82.6883,1,2018
27.703,-82.249,1,2018
28.5429,-81.2304,0,2018
30.7941,-85.8089,1,2018
30.9507,-85.5161,0,2018
26.7893,-80.6356,0,2018
26.1284,-80.1344,0,2018
26.08,-80.16,0,2018
30.0087,-85.5206,0,2018
27.7567,-82.6931,0,2018
24.9879,-80.5511,1,2018
25.0021,-80.5197,0,2018
30.7319,-87.3892,0,2018
30.3963,-86.623,1,2018
27.7005,-82.459,0,2018
26.298,-80.267,0,2018
26.7823,-80.2867,0,2018
28.3519,-80.6613,0,2018
27.1675,-80.5853,0,2018
27.1393,-80.1901,0,2018
25.4915,-80.4501,0,2018
27.1902,-81.7471,0,2018
26.8496,-80.6396,0,2018
28.0124,-82.3923,0,2018
28.8989,-80.861,0,2018
25.99,-80.54,0,2018
25.7608,-80.3623,0,2018
30.05,-81.37,0,2018
29.5,-81.14,0,2018
28.8173,-81.7224,0,2018
26.8911,-80.0563,0,2018
27.8397,-82.7913,0,2019
27.982,-82.0475,2,2019
26.6796,-82.0255,1,2019
27.65,-80.57,0,2019
27.214,-80.1729,0,2019
29.5329,-82.3071,0,2019
29.7839,-81.4265,0,2019
29.3991,-81.4269,1,2019
30.0716,-85.6074,1,2019
28.8225,-81.3219,0,2019
26.548,-80.7152,0,2019
25.8913,-80.3236,0,2019
30.6553,-86.3155,0,2019
30.6928,-85.4779,1,2019
30.5648,-84.5978,1,2019
30.2218,-84.6646,0,2019
30.4934,-84.1262,3,2019
30.23,-84.17,0,2019
30.1053,-84.7368,0,2019
26.6681,-81.8214,0,2019
26.7476,-80.352,0,2019
29.1906,-82.2913,1,2019
27.7937,-82.7933,0,2019
26.6892,-80.1264,0,2019
24.6483,-81.4806,0,2019
27.43,-82.3,0,2020
30.5923,-83.5222,1,2020
28.1,-82.69,0,2020
27.8637,-82.7524,2,2020
28.061,-82.1662,1,2020
29.8855,-82.1426,1,2020
30.1706,-81.6453,1,2020
30.2142,-81.5427,1,2020
25.464,-81.123,0,2020
28.7399,-81.9234,0,2020
29.0023,-81.3514,1,2020
27.8645,-82.7898,0,2020
30.462,-86.1945,0,2020
30.3154,-83.8415,1,2020
30.4215,-83.6361,1,2020
30.461,-83.4112,0,2020
30.1767,-83.0498,0,2020
30.1407,-81.3564,0,2020
30.31,-83.01,0,2020
30.4415,-81.6724,0,2020
26.5576,-80.0616,0,2020
30.6079,-87.187,0,2020
29.0165,-82.1517,1,2020
28.79,-82.69,0,2020
28.7186,-81.2418,0,2020
30.4442,-86.6463,1,2020
30.71,-86.12,1,2020
30.72,-85.59,2,2020
30.18,-85.81,0,2020
30.29,-85.65,0,2020
30.52,-84.35,1,2020
30.25,-84.26,1,2020
29.83,-83.6,1,2020
29.84,-82.87,0,2020
30.6577,-84.622,1,2020
26.6774,-80.6739,0,2020
25.5742,-80.4518,1,2020
27.24,-82.44,0,2020
27.1077,-82.4161,0,2020
28.57,-82.01,0,2020
27.9783,-82.77,0,2020
28.5001,-81.4361,0,2020
28.93,-82.08,0,2020
28.4634,-81.4074,0,2020
28.4701,-81.3559,1,2020
28.8387,-81.2614,0,2020
30.087,-82.6754,0,2020
28.8984,-81.8119,0,2020
29.9394,-82.3885,0,2020
28.7914,-81.704,0,2020
26.71,-80.15,0,2020
27.45,-82.69,0,2020
28.3646,-80.6749,0,2020
28.9492,-81.266,0,2020
29.0349,-81.341,2,2020
25.967,-80.1187,0,2020
27.45,-82.69,0,2020
30.5095,-85.0401,0,2020
27.39,-82.22,0,2021
26.5125,-81.8421,1,2021
30.4952,-86.1819,0,2021
29.9412,-82.1101,1,2021
30.4182,-84.5522,1,2021
30.4074,-84.4323,1,2021
27.8165,-82.8038,0,2021
29.8599,-81.4972,0,2021
30.2211,-85.8898,0,2021
30.5994,-85.4557,0,2021
30.207,-82.738,0,2021
27.7359,-80.532,0,2021
30.47,-85.81,0,2021
30.3373,-85.8082,0,2021
30.2631,-85.5294,1,2021
30.36,-84.9,0,2021
29.7254,-82.675,0,2021
30.7845,-86.364,1,2021
30.2347,-85.9177,2,2021
30.166,-85.7952,0,2021
30.2353,-85.6503,1,2021
30.373,-84.529,0,2021
27.4364,-82.6084,1,2021
27.999,-81.7849,0,2021
29.1861,-82.1836,0,2021
29.4247,-81.1268,0,2021
28.479,-80.729,0,2021
30.0568,-82.7061,0,2021
30.2271,-81.6066,1,2021
28.21,-82.62,0,2021
29.0782,-80.9548,0,2021
29.43,-82.12,0,2021
30.1599,-84.4497,0,2021
27.57,-80.37,0,2022
30.7768,-85.7261,0,2022
30.393,-86.5927,0,2022
30.07,-84.92,0,2022
29.9233,-84.7343,0,2022
30.053,-84.548,1,2022
30.678,-86.029,0,2022
30.274,-84.348,0,2022
28.431,-82.4729,1,2022
27.7744,-82.7345,1,2022
27.07,-82.22,0,2022
29.7986,-84.6027,1,2022
26.8299,-82.2635,1,2022
26.9185,-82.2206,1,2022
26.4817,-81.986,2,2022
26.62,-82.0,0,2022
26.02,-81.767,0,2022
25.86,-81.41,0,2022
30.7388,-86.1598,0,2022
27.2221,-80.2367,0,2022
29.0497,-82.461,1,2022
28.4946,-82.6674,1,2022
29.3624,-81.5563,1,2022
27.46,-81.26,1,2022
26.4508,-81.952,0,2022
27.3298,-82.5419,1,2022
30.6823,-86.7515,1,2022
30.6645,-86.0182,1,2022
30.1705,-85.7128,2,2022
30.5751,-87.261,0,2022
30.6415,-87.1849,1,2022
30.52,-87.1429,1,2022
30.6376,-85.5108,3,2022
30.8145,-85.5588,0,2022
30.817,-85.5013,1,2022
30.87,-85.18,0,2022
30.1514,-85.5656,1,2022
26.5285,-81.894,0,2022
27.55,-81.6998,0,2022
26.8307,-80.1042,0,2022
30.7515,-81.9637,1,2022
30.46,-81.65,0,2022
30.5114,-87.2238,1,2022
28.2098,-82.6904,0,2022
27.9847,-82.5584,0,2022
27.39,-82.47,0,2022
30.1135,-84.1584,0,2022
30.1114,-83.5833,0,2022
25.0534,-80.4794,0,2022
26.89,-82.29,0,2022
27.51,-80.38,0,2022
27.5,-80.5,0,2022
27.3075,-80.3013,0,2022
28.9976,-81.9427,0,2022
26.9,-82.01,0,2022
25.8,-80.72,0,2022
25.75,-80.99,0,2022
25.7711,-80.3354,0,2022
25.8075,-80.3511,0,2022
25.9952,-80.2386,1,2022
26.0047,-80.192,0,2022
26.3705,-80.1054,2,2022
26.6449,-80.2878,1,2022
26.7338,-80.3355,1,2022
26.26,-80.61,0,2022
26.1123,-80.3297,0,2022
26.827,-81.0781,0,2022
26.5282,-80.068,0,2022
28.083,-80.8669,0,2022
27.2661,-82.3829,0,2023
28.0319,-82.6725,0,2023
28.003,-82.8285,2,2023
28.8464,-82.6108,2,2023
28.1865,-82.6175,0,2023
29.4674,-81.3391,0,2023
29.5678,-81.2512,2,2023
27.9163,-82.8303,0,2023
24.6918,-81.3726,0,2023
30.8054,-85.8331,1,2023
30.4116,-86.3182,2,2023
30.2939,-84.2843,1,2023
30.35,-86.15,0,2023
30.3557,-86.0433,0,2023
30.43,-86.05,0,2023
30.2885,-85.0355,0,2023
30.3172,-84.3812,1,2023
30.6566,-86.0573,1,2023
30.34,-86.14,0,2023
30.36,-85.83,0,2023
26.0341,-80.1856,0,2023
26.0551,-80.1323,0,2023
27.8749,-80.504,0,2023
26.3239,-80.0743,0,2023
26.0215,-80.1144,0,2023
30.31,-85.13,0,2023
30.3832,-84.8169,2,2023
30.2485,-85.6647,1,2023
30.21,-85.22,0,2023
30.272,-84.637,0,2023
30.6255,-84.3921,0,2023
30.395,-83.7363,1,2023
26.506,-80.08,0,2023
26.8251,-80.0897,2,2023
26.92,-81.63,1,2023
25.5877,-80.4336,0,2023
29.6226,-84.9496,0,2023
30.4132,-87.2725,2,2023
30.175,-83.897,0,2023
30.08,-83.88,0,2023
30.126,-84.044,0,2023
30.16,-83.88,0,2023
30.0829,-83.594,1,2023
27.9801,-82.8295,0,2023
26.6086,-82.1149,0,2023
30.3868,-86.3288,1,2023
28.2055,-80.6073,1,2023
29.94,-84.51,0,2023
29.01,-80.88,0,2023
24.5471,-81.7867,0,2023
26.1455,-81.7563,0,2023
29.85,-81.5,0,2023
30.043,-81.7768,0,2023
29.99,-81.66,0,2023
